session_id,time,value,peak_opacity,opacity_change_rate,significant_changes,duration,ambient_light_level,clearing_time,timestamp
ID65671,87.0,1088.0,,,,,,,
ID65671,216.0,1088.0,,,,,,,
ID65671,345.0,1088.0,,,,,,,
ID65671,473.0,1088.0,,,,,,,
ID65671,602.0,1072.0,,,,,,,
ID65671,731.0,1088.0,,,,,,,
ID65671,859.0,1088.0,,,,,,,
ID65671,988.0,1088.0,,,,,,,
ID65671,1117.0,1072.0,,,,,,,
ID65671,1245.0,1088.0,,,,,,,
ID65671,1374.0,1088.0,,,,,,,
ID65671,1503.0,1088.0,,,,,,,
ID65671,1631.0,1088.0,,,,,,,
ID65671,1760.0,1088.0,,,,,,,
ID65671,1888.0,1088.0,,,,,,,
ID65671,2017.0,1088.0,,,,,,,
ID65671,2146.0,1088.0,,,,,,,
ID65671,2275.0,1072.0,,,,,,,
ID65671,2403.0,1088.0,,,,,,,
ID65671,2532.0,1040.0,,,,,,,
ID65671,2661.0,1072.0,,,,,,,
ID65671,2790.0,1088.0,,,,,,,
ID65671,2918.0,1072.0,,,,,,,
ID65671,3047.0,1088.0,,,,,,,
ID65671,3176.0,1088.0,,,,,,,
ID65671,3304.0,1088.0,,,,,,,
ID65671,3433.0,1088.0,,,,,,,
ID65671,3562.0,1088.0,,,,,,,
ID65671,3690.0,1088.0,,,,,,,
ID65671,3819.0,1088.0,,,,,,,
ID65671,3947.0,1088.0,,,,,,,
ID65671,4076.0,1088.0,,,,,,,
ID65671,4205.0,1088.0,,,,,,,
ID65671,4334.0,1072.0,,,,,,,
ID65671,4462.0,1088.0,,,,,,,
ID65671,4591.0,1088.0,,,,,,,
ID65671,4720.0,1088.0,,,,,,,
ID65671,4849.0,1088.0,,,,,,,
ID65671,4977.0,1088.0,,,,,,,
ID65671,5106.0,1088.0,,,,,,,
ID65671,5235.0,1088.0,,,,,,,
ID65671,5363.0,1088.0,,,,,,,
ID65671,5492.0,1088.0,,,,,,,
ID65671,5621.0,1088.0,,,,,,,
ID65671,5749.0,1088.0,,,,,,,
ID65671,5878.0,1088.0,,,,,,,
ID65671,6007.0,1088.0,,,,,,,
ID65671,6135.0,1088.0,,,,,,,
ID65671,6264.0,1088.0,,,,,,,
ID65671,6393.0,1088.0,,,,,,,
ID65671,6521.0,1088.0,,,,,,,
ID65671,6650.0,1088.0,,,,,,,
ID65671,6779.0,1088.0,,,,,,,
ID65671,6907.0,1088.0,,,,,,,
ID65671,,,1088.0,4.740741,0.0,6.936,1088.0,0.129,
,0.0,3856.0,,,,,,,
,100.0,3936.0,,,,,,,
,200.0,4129.0,,,,,,,
,300.0,4401.0,,,,,,,
,400.0,4737.0,,,,,,,
,501.0,4993.0,,,,,,,
,601.0,5329.0,,,,,,,
,701.0,5649.0,,,,,,,
,801.0,5857.0,,,,,,,
,901.0,6065.0,,,,,,,
,1001.0,6113.0,,,,,,,
,1101.0,6193.0,,,,,,,
,1201.0,6193.0,,,,,,,
,1302.0,6241.0,,,,,,,
,1402.0,6289.0,,,,,,,
,1502.0,6353.0,,,,,,,
,1602.0,6385.0,,,,,,,
,1702.0,6481.0,,,,,,,
,1802.0,6465.0,,,,,,,
,1902.0,6481.0,,,,,,,
,2002.0,6497.0,,,,,,,
,2102.0,6577.0,,,,,,,
,2202.0,6641.0,,,,,,,
,2303.0,6673.0,,,,,,,
,2403.0,6705.0,,,,,,,
,2503.0,6705.0,,,,,,,
,2603.0,6593.0,,,,,,,
,2703.0,6577.0,,,,,,,
,2803.0,6497.0,,,,,,,
,2903.0,6305.0,,,,,,,
,3003.0,6241.0,,,,,,,
,3103.0,6097.0,,,,,,,
,3203.0,6033.0,,,,,,,
,3304.0,5969.0,,,,,,,
,3404.0,5937.0,,,,,,,
,3504.0,5921.0,,,,,,,
,3604.0,5473.0,,,,,,,
,3704.0,4273.0,,,,,,,
,3804.0,4257.0,,,,,,,
,3904.0,4225.0,,,,,,,
,4004.0,4225.0,,,,,,,
,4104.0,4129.0,,,,,,,
,4204.0,4161.0,,,,,,,
,4305.0,4161.0,,,,,,,
,4405.0,4209.0,,,,,,,
,4505.0,4353.0,,,,,,,
,4605.0,4321.0,,,,,,,
,4705.0,4193.0,,,,,,,
,4805.0,4000.0,,,,,,,
,4905.0,4113.0,,,,,,,
,5005.0,4225.0,,,,,,,
,5105.0,4273.0,,,,,,,
,5205.0,4145.0,,,,,,,
,5306.0,4161.0,,,,,,,
,5406.0,4257.0,,,,,,,
,5506.0,4241.0,,,,,,,
,5606.0,4513.0,,,,,,,
,5706.0,4577.0,,,,,,,
,5806.0,4529.0,,,,,,,
,5907.0,4481.0,,,,,,,
,6007.0,4145.0,,,,,,,
,6107.0,4161.0,,,,,,,
,6207.0,4193.0,,,,,,,
,6307.0,4161.0,,,,,,,
,6407.0,4577.0,,,,,,,
,6507.0,4881.0,,,,,,,
,6607.0,4129.0,,,,,,,
,6707.0,2880.0,,,,,,,
,6808.0,2864.0,,,,,,,
,6908.0,2880.0,,,,,,,
,7008.0,2832.0,,,,,,,
,7108.0,2752.0,,,,,,,
,7208.0,2752.0,,,,,,,
,7308.0,2720.0,,,,,,,
,7408.0,2672.0,,,,,,,
,7508.0,2608.0,,,,,,,
,7608.0,2640.0,,,,,,,
,7708.0,2592.0,,,,,,,
,7809.0,2560.0,,,,,,,
,7909.0,2608.0,,,,,,,
,8009.0,2640.0,,,,,,,
,8109.0,2640.0,,,,,,,
,8209.0,2640.0,,,,,,,
,8309.0,2640.0,,,,,,,
,8409.0,2736.0,,,,,,,
,8509.0,2816.0,,,,,,,
,8609.0,2864.0,,,,,,,
,8709.0,2848.0,,,,,,,
,8810.0,2864.0,,,,,,,
,8910.0,2864.0,,,,,,,
,9010.0,2720.0,,,,,,,
,9110.0,2704.0,,,,,,,
,9210.0,2704.0,,,,,,,
,9310.0,2688.0,,,,,,,
,9410.0,2720.0,,,,,,,
,9510.0,2736.0,,,,,,,
,9610.0,2720.0,,,,,,,
,9710.0,2800.0,,,,,,,
,9811.0,2832.0,,,,,,,
,9911.0,2976.0,,,,,,,
,10011.0,3072.0,,,,,,,
,10111.0,2832.0,,,,,,,
,10211.0,2816.0,,,,,,,
,10311.0,2880.0,,,,,,,
,10411.0,2768.0,,,,,,,
,10511.0,2720.0,,,,,,,
,10611.0,2720.0,,,,,,,
,10711.0,2736.0,,,,,,,
,10812.0,2720.0,,,,,,,
,10912.0,2688.0,,,,,,,
,11012.0,2656.0,,,,,,,
,11112.0,2624.0,,,,,,,
,11212.0,2544.0,,,,,,,
,11312.0,2576.0,,,,,,,
,11412.0,2576.0,,,,,,,
,11512.0,2560.0,,,,,,,
,11612.0,2576.0,,,,,,,
,11712.0,2544.0,,,,,,,
,11813.0,2576.0,,,,,,,
,47.0,1152.0,,,,,,,
,175.0,1088.0,,,,,,,
,304.0,1088.0,,,,,,,
,432.0,1088.0,,,,,,,
,561.0,1056.0,,,,,,,
,689.0,1072.0,,,,,,,
,818.0,1088.0,,,,,,,
,946.0,1088.0,,,,,,,
,1074.0,1088.0,,,,,,,
,1203.0,1088.0,,,,,,,
,1331.0,1088.0,,,,,,,
,1459.0,1088.0,,,,,,,
,1588.0,1088.0,,,,,,,
,1716.0,1088.0,,,,,,,
,1844.0,1088.0,,,,,,,
,1973.0,1088.0,,,,,,,
,2101.0,1072.0,,,,,,,
,2229.0,1088.0,,,,,,,
,2358.0,1072.0,,,,,,,
,2487.0,1088.0,,,,,,,
,2615.0,1088.0,,,,,,,
,2744.0,1072.0,,,,,,,
,2872.0,1088.0,,,,,,,
,3001.0,1072.0,,,,,,,
,3129.0,1072.0,,,,,,,
,3257.0,1072.0,,,,,,,
,3386.0,1088.0,,,,,,,
,3515.0,1088.0,,,,,,,
,3643.0,1072.0,,,,,,,
,3771.0,1072.0,,,,,,,
,3900.0,1088.0,,,,,,,
,4028.0,1088.0,,,,,,,
,4156.0,1072.0,,,,,,,
,4285.0,1072.0,,,,,,,
,4413.0,1072.0,,,,,,,
,4541.0,1088.0,,,,,,,
,4670.0,1088.0,,,,,,,
,4798.0,1072.0,,,,,,,
,4926.0,1056.0,,,,,,,
,5055.0,1088.0,,,,,,,
,5183.0,1088.0,,,,,,,
,0.0,2976.0,,,,,,,
,101.0,3024.0,,,,,,,
,201.0,3024.0,,,,,,,
,302.0,2976.0,,,,,,,
,403.0,2944.0,,,,,,,
,503.0,2944.0,,,,,,,
,604.0,2912.0,,,,,,,
,704.0,2912.0,,,,,,,
,805.0,2960.0,,,,,,,
,905.0,2960.0,,,,,,,
,1006.0,2976.0,,,,,,,
,1107.0,2976.0,,,,,,,
,1207.0,2976.0,,,,,,,
,1308.0,2992.0,,,,,,,
,1408.0,2976.0,,,,,,,
,1509.0,3008.0,,,,,,,
,1609.0,3008.0,,,,,,,
,1710.0,2992.0,,,,,,,
,1810.0,2976.0,,,,,,,
,1911.0,2976.0,,,,,,,
,2011.0,3008.0,,,,,,,
,2112.0,2880.0,,,,,,,
,2213.0,2944.0,,,,,,,
,2313.0,2912.0,,,,,,,
,2414.0,2960.0,,,,,,,
,2514.0,2976.0,,,,,,,
,2615.0,2976.0,,,,,,,
,2715.0,3040.0,,,,,,,
,2816.0,3024.0,,,,,,,
,2916.0,3088.0,,,,,,,
,3017.0,3104.0,,,,,,,
,3117.0,3168.0,,,,,,,
,3218.0,3232.0,,,,,,,
,3318.0,3248.0,,,,,,,
,3419.0,3328.0,,,,,,,
,3520.0,3344.0,,,,,,,
,3620.0,3360.0,,,,,,,
,3721.0,3120.0,,,,,,,
,3821.0,3200.0,,,,,,,
,3922.0,3104.0,,,,,,,
,4022.0,3072.0,,,,,,,
,4123.0,3104.0,,,,,,,
,4223.0,2992.0,,,,,,,
,4324.0,3088.0,,,,,,,
,4424.0,3152.0,,,,,,,
,4525.0,3152.0,,,,,,,
,4626.0,3248.0,,,,,,,
,4726.0,3280.0,,,,,,,
,4827.0,3264.0,,,,,,,
,4927.0,3248.0,,,,,,,
,5028.0,3360.0,,,,,,,
,5128.0,3312.0,,,,,,,
,5229.0,3328.0,,,,,,,
,5330.0,3280.0,,,,,,,
,5430.0,3280.0,,,,,,,
,5531.0,3392.0,,,,,,,
,5631.0,3344.0,,,,,,,
,5732.0,3328.0,,,,,,,
,5832.0,3392.0,,,,,,,
,5933.0,3376.0,,,,,,,
,6033.0,3312.0,,,,,,,
,6134.0,3424.0,,,,,,,
,6235.0,3584.0,,,,,,,
,6335.0,3744.0,,,,,,,
,6436.0,3728.0,,,,,,,
,6536.0,3680.0,,,,,,,
,6637.0,3792.0,,,,,,,
,6737.0,3872.0,,,,,,,
,6838.0,3904.0,,,,,,,
,6938.0,4000.0,,,,,,,
,7039.0,4048.0,,,,,,,
,7139.0,4048.0,,,,,,,
,7240.0,4097.0,,,,,,,
,7341.0,4241.0,,,,,,,
,7441.0,4273.0,,,,,,,
,7542.0,4289.0,,,,,,,
,7642.0,4289.0,,,,,,,
,7743.0,4321.0,,,,,,,
,7843.0,4353.0,,,,,,,
,7944.0,4433.0,,,,,,,
,8045.0,4401.0,,,,,,,
,8145.0,4369.0,,,,,,,
,8246.0,4353.0,,,,,,,
,8346.0,4385.0,,,,,,,
,8447.0,4753.0,,,,,,,
,8547.0,5281.0,,,,,,,
,8648.0,4993.0,,,,,,,
,8748.0,4625.0,,,,,,,
,8849.0,3664.0,,,,,,,
,8949.0,3808.0,,,,,,,
,9050.0,3680.0,,,,,,,
,9150.0,3648.0,,,,,,,
,9251.0,3600.0,,,,,,,
,9351.0,3520.0,,,,,,,
,9452.0,3360.0,,,,,,,
,9553.0,3280.0,,,,,,,
,9653.0,3168.0,,,,,,,
,9754.0,3168.0,,,,,,,
,9854.0,3088.0,,,,,,,
,9955.0,3104.0,,,,,,,
,10055.0,3088.0,,,,,,,
,10156.0,3216.0,,,,,,,
,10257.0,3216.0,,,,,,,
,10357.0,3232.0,,,,,,,
ID217818,43.0,1104.0,,,,,,,
ID217818,172.0,1088.0,,,,,,,
ID217818,300.0,1104.0,,,,,,,
ID217818,429.0,1088.0,,,,,,,
ID217818,558.0,1088.0,,,,,,,
ID217818,686.0,1088.0,,,,,,,
ID217818,815.0,1088.0,,,,,,,
ID217818,943.0,1088.0,,,,,,,
ID217818,1072.0,1088.0,,,,,,,
ID217818,1200.0,1088.0,,,,,,,
ID217818,1329.0,1088.0,,,,,,,
ID217818,1457.0,1088.0,,,,,,,
ID217818,1586.0,1088.0,,,,,,,
ID217818,1715.0,1104.0,,,,,,,
ID217818,1844.0,1088.0,,,,,,,
ID217818,1972.0,1088.0,,,,,,,
ID217818,2101.0,1088.0,,,,,,,
ID217818,2229.0,1088.0,,,,,,,
ID217818,2358.0,1088.0,,,,,,,
ID217818,2486.0,1088.0,,,,,,,
ID217818,2615.0,1088.0,,,,,,,
ID217818,2743.0,1088.0,,,,,,,
ID217818,2872.0,1088.0,,,,,,,
ID217818,3000.0,1088.0,,,,,,,
ID217818,3129.0,1088.0,,,,,,,
ID217818,3257.0,1088.0,,,,,,,
ID217818,3386.0,1088.0,,,,,,,
ID217818,3514.0,1088.0,,,,,,,
ID217818,3643.0,1088.0,,,,,,,
ID217818,3771.0,1088.0,,,,,,,
ID217818,3900.0,1088.0,,,,,,,
ID217818,4028.0,1104.0,,,,,,,
ID217818,4157.0,1088.0,,,,,,,
ID217818,4285.0,1088.0,,,,,,,
ID217818,4414.0,1104.0,,,,,,,
ID217818,4543.0,1088.0,,,,,,,
ID217818,4672.0,1088.0,,,,,,,
ID217818,4800.0,1088.0,,,,,,,
ID217818,4929.0,1088.0,,,,,,,
ID217818,5058.0,1088.0,,,,,,,
ID217818,5186.0,1088.0,,,,,,,
ID217818,5315.0,1072.0,,,,,,,
ID217818,5444.0,1088.0,,,,,,,
ID217818,5572.0,1088.0,,,,,,,
ID217818,5701.0,1088.0,,,,,,,
ID217818,5829.0,1088.0,,,,,,,
ID217818,5958.0,1088.0,,,,,,,
ID217818,6086.0,1088.0,,,,,,,
ID217818,6215.0,1088.0,,,,,,,
ID217818,6343.0,1072.0,,,,,,,
ID217818,6472.0,1088.0,,,,,,,
ID217818,6601.0,1088.0,,,,,,,
ID217818,6730.0,1088.0,,,,,,,
ID217818,6858.0,1088.0,,,,,,,
ID217818,6987.0,1088.0,,,,,,,
ID217818,7115.0,1072.0,,,,,,,
ID217818,7244.0,1088.0,,,,,,,
ID217818,7372.0,1088.0,,,,,,,
ID217818,7501.0,1088.0,,,,,,,
ID217818,7629.0,1088.0,,,,,,,
ID217818,7758.0,1088.0,,,,,,,
ID217818,7886.0,1088.0,,,,,,,
ID217818,8015.0,1088.0,,,,,,,
ID217818,8143.0,1104.0,,,,,,,
ID217818,8272.0,1088.0,,,,,,,
ID217818,8401.0,1088.0,,,,,,,
ID217818,8530.0,1088.0,,,,,,,
ID217818,8658.0,1088.0,,,,,,,
ID217818,8787.0,1088.0,,,,,,,
ID217818,8915.0,1088.0,,,,,,,
ID217818,9044.0,1088.0,,,,,,,
ID217818,9173.0,1088.0,,,,,,,
ID217818,9302.0,1088.0,,,,,,,
ID217818,9430.0,1088.0,,,,,,,
ID217818,9559.0,1072.0,,,,,,,
ID217818,9688.0,1088.0,,,,,,,
ID217818,9817.0,1088.0,,,,,,,
ID217818,9945.0,1088.0,,,,,,,
ID217818,10074.0,1088.0,,,,,,,
ID217818,10203.0,1088.0,,,,,,,
ID217818,10331.0,1088.0,,,,,,,
ID217818,10460.0,1088.0,,,,,,,
ID217818,10589.0,1088.0,,,,,,,
ID217818,10717.0,1088.0,,,,,,,
ID217818,10846.0,1072.0,,,,,,,
ID217818,10975.0,1088.0,,,,,,,
ID217818,11103.0,1088.0,,,,,,,
ID217818,11232.0,1088.0,,,,,,,
ID217818,11361.0,1088.0,,,,,,,
ID217818,11489.0,1088.0,,,,,,,
ID217818,11618.0,1088.0,,,,,,,
ID217818,11747.0,1104.0,,,,,,,
ID217818,11875.0,1088.0,,,,,,,
ID217818,12004.0,1088.0,,,,,,,
ID217818,12133.0,1104.0,,,,,,,
ID217818,12261.0,1104.0,,,,,,,
ID217818,12390.0,1088.0,,,,,,,
ID217818,12518.0,1104.0,,,,,,,
ID217818,12647.0,1088.0,,,,,,,
ID217818,12776.0,1088.0,,,,,,,
ID217818,12904.0,1088.0,,,,,,,
ID217818,13033.0,1088.0,,,,,,,
ID217818,13161.0,1088.0,,,,,,,
ID217818,13290.0,1088.0,,,,,,,
ID217818,13419.0,1088.0,,,,,,,
ID217818,13547.0,1088.0,,,,,,,
ID217818,13676.0,1088.0,,,,,,,
ID217818,13804.0,1104.0,,,,,,,
ID217818,13933.0,1088.0,,,,,,,
ID217818,14061.0,1088.0,,,,,,,
ID217818,14190.0,1088.0,,,,,,,
ID217818,14318.0,1088.0,,,,,,,
ID217818,14447.0,1088.0,,,,,,,
ID217818,14576.0,1088.0,,,,,,,
ID217818,,,1104.0,4.070176,0.0,14.604,1089.6,0.129,
ID2987020,49.0,1072.0,,,,,,,3059.0
ID2987020,178.0,1072.0,,,,,,,3059.0
ID2987020,307.0,1072.0,,,,,,,3059.0
ID2987020,436.0,1072.0,,,,,,,3060.0
ID2987020,564.0,1072.0,,,,,,,3060.0
ID2987020,693.0,1072.0,,,,,,,3060.0
ID2987020,822.0,1072.0,,,,,,,3060.0
ID2987020,951.0,1088.0,,,,,,,3060.0
ID2987020,1080.0,1072.0,,,,,,,3060.0
ID2987020,1208.0,1088.0,,,,,,,3060.0
ID2987020,1337.0,1072.0,,,,,,,3060.0
ID2987020,1465.0,1088.0,,,,,,,3061.0
ID2987020,,,1088.0,6.666667,0.0,1.523,1072.0,0.129,
,0.0,10386.0,,,,,,,
,28.0,15235.0,,,,,,,
,157.0,15667.0,,,,,,,
,285.0,15539.0,,,,,,,
,414.0,15635.0,,,,,,,
,0.0,5169.0,,,,,,,
,29.0,240.0,,,,,,,
,155.0,240.0,,,,,,,
,255.0,256.0,,,,,,,
,356.0,240.0,,,,,,,
,456.0,224.0,,,,,,,
,556.0,240.0,,,,,,,
,657.0,256.0,,,,,,,
,757.0,240.0,,,,,,,
,858.0,256.0,,,,,,,
,958.0,240.0,,,,,,,
,1059.0,240.0,,,,,,,
,1159.0,224.0,,,,,,,
,1260.0,192.0,,,,,,,
,1360.0,192.0,,,,,,,
,1461.0,240.0,,,,,,,
,1561.0,240.0,,,,,,,
,1661.0,240.0,,,,,,,
,1762.0,176.0,,,,,,,
,1862.0,192.0,,,,,,,
,1963.0,192.0,,,,,,,
,94.0,1296.0,,,,,,,
,223.0,1088.0,,,,,,,
,351.0,1072.0,,,,,,,
,480.0,1088.0,,,,,,,
,608.0,1088.0,,,,,,,
,737.0,1104.0,,,,,,,
,865.0,1088.0,,,,,,,
,993.0,1072.0,,,,,,,
,1121.0,1088.0,,,,,,,
,1250.0,1088.0,,,,,,,
,1379.0,1088.0,,,,,,,
,1507.0,1088.0,,,,,,,
,1635.0,1072.0,,,,,,,
,1764.0,1072.0,,,,,,,
,1892.0,1088.0,,,,,,,
,2021.0,1088.0,,,,,,,
,2149.0,1088.0,,,,,,,
,2277.0,1088.0,,,,,,,
,2406.0,1088.0,,,,,,,
,2534.0,1088.0,,,,,,,
,2663.0,1088.0,,,,,,,
,2791.0,1088.0,,,,,,,
,2919.0,1088.0,,,,,,,
,3048.0,1088.0,,,,,,,
,3176.0,1072.0,,,,,,,
,3305.0,1088.0,,,,,,,
,3433.0,1088.0,,,,,,,
,3562.0,1072.0,,,,,,,
,3690.0,1088.0,,,,,,,
,3818.0,1088.0,,,,,,,
,3947.0,1088.0,,,,,,,
,4075.0,1088.0,,,,,,,
,4203.0,1072.0,,,,,,,
,4332.0,1088.0,,,,,,,
,4460.0,1088.0,,,,,,,
,4588.0,1072.0,,,,,,,
,4717.0,1072.0,,,,,,,
,4845.0,1072.0,,,,,,,
,4973.0,1072.0,,,,,,,
,5102.0,1088.0,,,,,,,
,5230.0,1072.0,,,,,,,
,5358.0,1088.0,,,,,,,
,5487.0,1088.0,,,,,,,
,5615.0,1088.0,,,,,,,
,5744.0,1088.0,,,,,,,
,5872.0,1088.0,,,,,,,
,6000.0,1072.0,,,,,,,
,6129.0,1104.0,,,,,,,
,6257.0,1072.0,,,,,,,
,6386.0,1088.0,,,,,,,
,6514.0,1072.0,,,,,,,
,6643.0,1072.0,,,,,,,
,6771.0,1088.0,,,,,,,
,6899.0,1072.0,,,,,,,
,7028.0,1088.0,,,,,,,
,7156.0,1088.0,,,,,,,
,7285.0,1088.0,,,,,,,
,7413.0,1088.0,,,,,,,
,7541.0,1072.0,,,,,,,
,7670.0,1072.0,,,,,,,
,7798.0,1072.0,,,,,,,
,1.0,192.0,,,,,,,
,101.0,256.0,,,,,,,
,202.0,240.0,,,,,,,
,302.0,192.0,,,,,,,
,403.0,192.0,,,,,,,
,503.0,192.0,,,,,,,
,604.0,208.0,,,,,,,
,704.0,176.0,,,,,,,
,804.0,224.0,,,,,,,
,905.0,240.0,,,,,,,
,1005.0,240.0,,,,,,,
,1106.0,240.0,,,,,,,
,1206.0,176.0,,,,,,,
,1307.0,224.0,,,,,,,
,1407.0,240.0,,,,,,,
,1508.0,240.0,,,,,,,
,1608.0,224.0,,,,,,,
,1709.0,208.0,,,,,,,
,1809.0,240.0,,,,,,,
,1910.0,224.0,,,,,,,
,2010.0,256.0,,,,,,,
,2111.0,240.0,,,,,,,
,2211.0,192.0,,,,,,,
,2311.0,192.0,,,,,,,
,2412.0,224.0,,,,,,,
,2512.0,224.0,,,,,,,
,2613.0,240.0,,,,,,,
,2713.0,192.0,,,,,,,
,2814.0,240.0,,,,,,,
,2914.0,256.0,,,,,,,
,0.0,2592.0,,,,,,,
,133.0,2624.0,,,,,,,
,261.0,2592.0,,,,,,,
,390.0,2560.0,,,,,,,
,518.0,2576.0,,,,,,,
,647.0,2576.0,,,,,,,
,776.0,2576.0,,,,,,,
,905.0,2640.0,,,,,,,
,1033.0,2592.0,,,,,,,
,1162.0,2608.0,,,,,,,
,1290.0,2512.0,,,,,,,
,1419.0,2544.0,,,,,,,
,1547.0,2544.0,,,,,,,
,1675.0,2576.0,,,,,,,
,1804.0,2512.0,,,,,,,
,1932.0,2560.0,,,,,,,
,2061.0,2544.0,,,,,,,
,2190.0,2544.0,,,,,,,
,2318.0,2576.0,,,,,,,
,2447.0,2576.0,,,,,,,
,2575.0,2576.0,,,,,,,
,2703.0,2608.0,,,,,,,
,2832.0,2608.0,,,,,,,
,2961.0,2752.0,,,,,,,
,3089.0,2832.0,,,,,,,
,3217.0,2992.0,,,,,,,
,3346.0,3200.0,,,,,,,
,3474.0,3264.0,,,,,,,
,3603.0,3520.0,,,,,,,
,3731.0,3552.0,,,,,,,
,3859.0,3536.0,,,,,,,
,3988.0,3616.0,,,,,,,
,4116.0,3680.0,,,,,,,
,4245.0,3728.0,,,,,,,
,4373.0,3712.0,,,,,,,
,4501.0,3792.0,,,,,,,
,4630.0,3840.0,,,,,,,
,4758.0,3680.0,,,,,,,
,4886.0,3632.0,,,,,,,
,5015.0,3680.0,,,,,,,
,5143.0,3728.0,,,,,,,
,5271.0,3648.0,,,,,,,
,5400.0,4032.0,,,,,,,
,5528.0,4433.0,,,,,,,
,5657.0,3280.0,,,,,,,
,5785.0,2880.0,,,,,,,
,5914.0,2624.0,,,,,,,
,6042.0,2576.0,,,,,,,
,6171.0,2560.0,,,,,,,
,6299.0,2448.0,,,,,,,
,6427.0,2512.0,,,,,,,
,6556.0,2608.0,,,,,,,
,6684.0,2848.0,,,,,,,
,6812.0,2976.0,,,,,,,
,6941.0,3152.0,,,,,,,
,7069.0,3264.0,,,,,,,
,7198.0,3232.0,,,,,,,
,7326.0,2752.0,,,,,,,
,7454.0,2384.0,,,,,,,
,7583.0,2368.0,,,,,,,
,7711.0,2384.0,,,,,,,
,7839.0,2352.0,,,,,,,
,7968.0,2336.0,,,,,,,
,8097.0,2336.0,,,,,,,
,8225.0,2336.0,,,,,,,
,8354.0,2304.0,,,,,,,
,8482.0,2320.0,,,,,,,
,8610.0,2304.0,,,,,,,
,8739.0,2304.0,,,,,,,
,8867.0,2304.0,,,,,,,
,8995.0,2256.0,,,,,,,
,9124.0,2320.0,,,,,,,
,9252.0,2240.0,,,,,,,
,9380.0,2304.0,,,,,,,
,9509.0,2272.0,,,,,,,
,9637.0,2336.0,,,,,,,
,9765.0,2304.0,,,,,,,
,9894.0,2304.0,,,,,,,
,10022.0,2272.0,,,,,,,
,10151.0,2256.0,,,,,,,
,10279.0,2320.0,,,,,,,
,10407.0,2336.0,,,,,,,
,10536.0,2288.0,,,,,,,
,10664.0,2336.0,,,,,,,
,10792.0,2304.0,,,,,,,
,10921.0,2320.0,,,,,,,
,11050.0,2320.0,,,,,,,
,11178.0,2272.0,,,,,,,
,11306.0,2336.0,,,,,,,
,11435.0,2384.0,,,,,,,
,8.0,192.0,,,,,,,
,126.0,256.0,,,,,,,
,226.0,192.0,,,,,,,
,327.0,224.0,,,,,,,
,427.0,240.0,,,,,,,
,527.0,256.0,,,,,,,
,628.0,192.0,,,,,,,
,728.0,240.0,,,,,,,
,829.0,240.0,,,,,,,
,929.0,256.0,,,,,,,
,1030.0,256.0,,,,,,,
,1130.0,240.0,,,,,,,
,1230.0,176.0,,,,,,,
,1331.0,192.0,,,,,,,
,1431.0,240.0,,,,,,,
,1532.0,256.0,,,,,,,
,1632.0,224.0,,,,,,,
,1733.0,192.0,,,,,,,
,1833.0,224.0,,,,,,,
,1934.0,176.0,,,,,,,
,2034.0,224.0,,,,,,,
,2134.0,256.0,,,,,,,
,2235.0,240.0,,,,,,,
,2335.0,240.0,,,,,,,
,2436.0,224.0,,,,,,,
,2536.0,224.0,,,,,,,
,2637.0,240.0,,,,,,,
,2737.0,240.0,,,,,,,
,2838.0,192.0,,,,,,,
,2938.0,256.0,,,,,,,
,3038.0,240.0,,,,,,,
,3139.0,192.0,,,,,,,
,3239.0,256.0,,,,,,,
,3340.0,224.0,,,,,,,
,3440.0,224.0,,,,,,,
,3541.0,256.0,,,,,,,
,3641.0,240.0,,,,,,,
,3742.0,240.0,,,,,,,
,3842.0,240.0,,,,,,,
,3942.0,192.0,,,,,,,
,4043.0,224.0,,,,,,,
,4143.0,240.0,,,,,,,
,4244.0,224.0,,,,,,,
,4344.0,240.0,,,,,,,
,4445.0,192.0,,,,,,,
,4545.0,224.0,,,,,,,
,4646.0,224.0,,,,,,,
,4746.0,240.0,,,,,,,
ID131018,38.0,1056.0,,,,,,,
ID131018,167.0,1056.0,,,,,,,
ID131018,296.0,1056.0,,,,,,,
ID131018,425.0,1056.0,,,,,,,
ID131018,553.0,1072.0,,,,,,,
ID131018,682.0,1056.0,,,,,,,
ID131018,811.0,1072.0,,,,,,,
ID131018,940.0,1056.0,,,,,,,
ID131018,1068.0,1056.0,,,,,,,
ID131018,1197.0,1056.0,,,,,,,
ID131018,1326.0,1056.0,,,,,,,
ID131018,1455.0,1056.0,,,,,,,
ID131018,1583.0,1056.0,,,,,,,
ID131018,1712.0,1056.0,,,,,,,
ID131018,1841.0,1056.0,,,,,,,
ID131018,1970.0,1056.0,,,,,,,
ID131018,2099.0,1072.0,,,,,,,
ID131018,2227.0,1072.0,,,,,,,
ID131018,2356.0,1072.0,,,,,,,
ID131018,2485.0,1056.0,,,,,,,
ID131018,2614.0,1056.0,,,,,,,
ID131018,2743.0,1072.0,,,,,,,
ID131018,2872.0,1072.0,,,,,,,
ID131018,3000.0,1072.0,,,,,,,
ID131018,3129.0,1072.0,,,,,,,
ID131018,3258.0,1056.0,,,,,,,
ID131018,3387.0,1056.0,,,,,,,
ID131018,3516.0,1072.0,,,,,,,
ID131018,3644.0,1056.0,,,,,,,
ID131018,3773.0,1056.0,,,,,,,
ID131018,3902.0,1072.0,,,,,,,
ID131018,4031.0,1056.0,,,,,,,
ID131018,,,1072.0,6.0,0.0,4.137,1084.8,0.129,
ID3301357,,,0.0,0.0,0.0,14.784,1118.4,,
,0.0,5169.0,,,,,,,
ID6539,51.0,1088.0,,,,,,,
ID6539,180.0,1072.0,,,,,,,
ID6539,309.0,1088.0,,,,,,,
ID6539,438.0,1072.0,,,,,,,
ID6539,567.0,1072.0,,,,,,,
ID6539,695.0,1072.0,,,,,,,
ID6539,824.0,1088.0,,,,,,,
ID6539,953.0,1072.0,,,,,,,
ID6539,1081.0,1088.0,,,,,,,
ID6539,1210.0,1072.0,,,,,,,
ID6539,1339.0,1072.0,,,,,,,
ID6539,1467.0,1072.0,,,,,,,
ID6539,1596.0,1072.0,,,,,,,
ID6539,1725.0,1072.0,,,,,,,
ID6539,1853.0,1072.0,,,,,,,
ID6539,1982.0,1088.0,,,,,,,
ID6539,2111.0,1088.0,,,,,,,
ID6539,2239.0,1088.0,,,,,,,
ID6539,2368.0,1072.0,,,,,,,
ID6539,2496.0,1072.0,,,,,,,
ID6539,2625.0,1088.0,,,,,,,
ID6539,2754.0,1072.0,,,,,,,
ID6539,2882.0,1088.0,,,,,,,
ID6539,3011.0,1072.0,,,,,,,
ID6539,3139.0,1072.0,,,,,,,
ID6539,3268.0,1072.0,,,,,,,
ID6539,3397.0,1072.0,,,,,,,
ID6539,3525.0,1072.0,,,,,,,
ID6539,3654.0,1088.0,,,,,,,
ID6539,3783.0,1088.0,,,,,,,
ID6539,3911.0,1072.0,,,,,,,
ID6539,4040.0,1088.0,,,,,,,
ID6539,4168.0,1072.0,,,,,,,
ID6539,4297.0,1088.0,,,,,,,
ID6539,4425.0,1088.0,,,,,,,
ID6539,4554.0,1088.0,,,,,,,
ID6539,4682.0,1072.0,,,,,,,
ID6539,4811.0,1072.0,,,,,,,
ID6539,4940.0,1072.0,,,,,,,
ID6539,5069.0,1088.0,,,,,,,
ID6539,5197.0,1072.0,,,,,,,
ID6539,5326.0,1072.0,,,,,,,
ID6539,5454.0,1088.0,,,,,,,
ID6539,5583.0,1088.0,,,,,,,
ID6539,5711.0,1088.0,,,,,,,
ID6539,5840.0,1088.0,,,,,,,
ID6539,5968.0,1072.0,,,,,,,
ID6539,6097.0,1072.0,,,,,,,
ID6539,6225.0,1072.0,,,,,,,
ID6539,6354.0,1088.0,,,,,,,
ID6539,6483.0,1088.0,,,,,,,
ID6539,6611.0,1088.0,,,,,,,
ID6539,6740.0,1088.0,,,,,,,
ID6539,6868.0,1072.0,,,,,,,
ID6539,6997.0,1088.0,,,,,,,
ID6539,7126.0,1072.0,,,,,,,
ID6539,7254.0,1072.0,,,,,,,
ID6539,7383.0,1072.0,,,,,,,
ID6539,7511.0,1088.0,,,,,,,
ID6539,7640.0,1072.0,,,,,,,
ID6539,7768.0,1072.0,,,,,,,
ID6539,7897.0,1072.0,,,,,,,
ID6539,8025.0,1088.0,,,,,,,
ID6539,8154.0,1088.0,,,,,,,
ID6539,8282.0,1088.0,,,,,,,
ID6539,8411.0,1072.0,,,,,,,
ID6539,8540.0,1072.0,,,,,,,
ID6539,8669.0,1088.0,,,,,,,
ID6539,8797.0,1072.0,,,,,,,
ID6539,8926.0,1072.0,,,,,,,
ID6539,9055.0,1088.0,,,,,,,
ID6539,9183.0,1072.0,,,,,,,
ID6539,9312.0,1088.0,,,,,,,
ID6539,9441.0,1088.0,,,,,,,
ID6539,9569.0,1072.0,,,,,,,
ID6539,9698.0,1072.0,,,,,,,
ID6539,9827.0,1088.0,,,,,,,
ID6539,9955.0,1072.0,,,,,,,
ID6539,10084.0,1088.0,,,,,,,
ID6539,10212.0,1088.0,,,,,,,
ID6539,10341.0,1072.0,,,,,,,
ID6539,10470.0,1088.0,,,,,,,
ID6539,10598.0,1088.0,,,,,,,
ID6539,10727.0,1088.0,,,,,,,
ID6539,10855.0,1088.0,,,,,,,
ID6539,10984.0,1088.0,,,,,,,
ID6539,11113.0,1088.0,,,,,,,
ID6539,11241.0,1072.0,,,,,,,
ID6539,11370.0,1072.0,,,,,,,
ID6539,11499.0,1088.0,,,,,,,
ID6539,11627.0,1088.0,,,,,,,
ID6539,11756.0,1072.0,,,,,,,
ID6539,11884.0,1072.0,,,,,,,
ID6539,12014.0,1072.0,,,,,,,
ID6539,12142.0,1088.0,,,,,,,
ID6539,12271.0,1088.0,,,,,,,
ID6539,12399.0,1088.0,,,,,,,
ID6539,12528.0,1072.0,,,,,,,
ID6539,12657.0,1072.0,,,,,,,
ID6539,12785.0,1088.0,,,,,,,
ID6539,12914.0,1088.0,,,,,,,
ID6539,13043.0,1072.0,,,,,,,
ID6539,13171.0,1072.0,,,,,,,
ID6539,13300.0,1072.0,,,,,,,
ID6539,13429.0,1088.0,,,,,,,
ID6539,13558.0,1072.0,,,,,,,
ID6539,13686.0,1072.0,,,,,,,
ID6539,13815.0,1088.0,,,,,,,
ID6539,13944.0,1088.0,,,,,,,
ID6539,14072.0,1088.0,,,,,,,
ID6539,14201.0,1072.0,,,,,,,
ID6539,14330.0,1088.0,,,,,,,
ID6539,14458.0,1088.0,,,,,,,
ID6539,14587.0,1088.0,,,,,,,
ID6539,14715.0,1072.0,,,,,,,
ID6539,14844.0,1088.0,,,,,,,
ID6539,14972.0,1088.0,,,,,,,
ID6539,15101.0,1088.0,,,,,,,
ID6539,15230.0,1072.0,,,,,,,
ID6539,15358.0,1088.0,,,,,,,
ID6539,15487.0,1072.0,,,,,,,
ID6539,15615.0,1088.0,,,,,,,
ID6539,15744.0,1088.0,,,,,,,
ID6539,15872.0,1088.0,,,,,,,
ID6539,16001.0,1088.0,,,,,,,
ID6539,16129.0,1088.0,,,,,,,
ID6539,16258.0,1088.0,,,,,,,
ID6539,16386.0,1072.0,,,,,,,
ID6539,16515.0,1072.0,,,,,,,
ID6539,16643.0,1088.0,,,,,,,
ID6539,16772.0,1088.0,,,,,,,
ID6539,16901.0,1088.0,,,,,,,
ID6539,17029.0,1072.0,,,,,,,
ID6539,17158.0,1072.0,,,,,,,
ID6539,17286.0,1088.0,,,,,,,
ID6539,17415.0,1072.0,,,,,,,
ID6539,17543.0,1088.0,,,,,,,
ID6539,17672.0,1072.0,,,,,,,
ID6539,17800.0,1088.0,,,,,,,
ID6539,17929.0,1088.0,,,,,,,
ID6539,18058.0,1088.0,,,,,,,
ID6539,18186.0,1072.0,,,,,,,
ID6539,18315.0,1072.0,,,,,,,
ID6539,18443.0,1088.0,,,,,,,
ID6539,18572.0,1088.0,,,,,,,
ID6539,18701.0,1088.0,,,,,,,
ID6539,18830.0,1072.0,,,,,,,
ID6539,18958.0,1088.0,,,,,,,
ID6539,19087.0,1088.0,,,,,,,
ID6539,19215.0,1088.0,,,,,,,
ID6539,19344.0,1088.0,,,,,,,
ID6539,19472.0,1072.0,,,,,,,
ID6539,19601.0,1072.0,,,,,,,
ID6539,19729.0,1088.0,,,,,,,
ID6539,19858.0,1088.0,,,,,,,
ID6539,19986.0,1088.0,,,,,,,
ID6539,20115.0,1072.0,,,,,,,
ID6539,20243.0,1072.0,,,,,,,
ID6539,20372.0,1088.0,,,,,,,
ID6539,20500.0,1072.0,,,,,,,
ID6539,20629.0,1088.0,,,,,,,
ID6539,20757.0,1072.0,,,,,,,
ID6539,20886.0,1088.0,,,,,,,
ID6539,21014.0,1088.0,,,,,,,
ID6539,21143.0,1088.0,,,,,,,
ID6539,21271.0,1088.0,,,,,,,
ID6539,21400.0,1088.0,,,,,,,
ID6539,21528.0,1088.0,,,,,,,
ID6539,21657.0,1088.0,,,,,,,
ID6539,21785.0,1088.0,,,,,,,
ID6539,21914.0,1088.0,,,,,,,
ID6539,22042.0,1072.0,,,,,,,
ID6539,22171.0,1088.0,,,,,,,
ID6539,22299.0,1072.0,,,,,,,
ID6539,22428.0,1088.0,,,,,,,
ID6539,22556.0,1072.0,,,,,,,
ID6539,22685.0,1088.0,,,,,,,
ID6539,22814.0,1072.0,,,,,,,
ID6539,22943.0,1088.0,,,,,,,
ID6539,23071.0,1072.0,,,,,,,
ID6539,23200.0,1088.0,,,,,,,
ID6539,23329.0,1088.0,,,,,,,
ID6539,23457.0,1072.0,,,,,,,
ID6539,23586.0,1088.0,,,,,,,
ID6539,23715.0,1072.0,,,,,,,
ID6539,23844.0,1072.0,,,,,,,
ID6539,23973.0,1088.0,,,,,,,
ID6539,24101.0,1072.0,,,,,,,
ID6539,24230.0,1088.0,,,,,,,
ID6539,24358.0,1088.0,,,,,,,
ID6539,24487.0,1088.0,,,,,,,
ID6539,24616.0,1072.0,,,,,,,
ID6539,24744.0,1088.0,,,,,,,
ID6539,24873.0,1072.0,,,,,,,
ID6539,25002.0,1072.0,,,,,,,
ID6539,25131.0,1088.0,,,,,,,
ID6539,25259.0,1088.0,,,,,,,
ID6539,25388.0,1072.0,,,,,,,
ID6539,25517.0,1072.0,,,,,,,
ID6539,25645.0,1088.0,,,,,,,
ID6539,25774.0,1072.0,,,,,,,
ID6539,25902.0,1088.0,,,,,,,
ID6539,26031.0,1088.0,,,,,,,
ID6539,26160.0,1088.0,,,,,,,
ID6539,26288.0,1072.0,,,,,,,
ID6539,26417.0,1088.0,,,,,,,
ID6539,26546.0,1088.0,,,,,,,
ID6539,26674.0,1072.0,,,,,,,
ID6539,26803.0,1088.0,,,,,,,
ID6539,26931.0,1088.0,,,,,,,
ID6539,27060.0,1088.0,,,,,,,
ID6539,27189.0,1088.0,,,,,,,
ID6539,27317.0,1072.0,,,,,,,
ID6539,27446.0,1088.0,,,,,,,
ID6539,27575.0,1072.0,,,,,,,
ID6539,27704.0,1072.0,,,,,,,
ID6539,27832.0,1072.0,,,,,,,
ID6539,27961.0,1088.0,,,,,,,
ID6539,28090.0,1088.0,,,,,,,
ID6539,28218.0,1088.0,,,,,,,
ID6539,28347.0,1072.0,,,,,,,
ID6539,28475.0,1088.0,,,,,,,
ID6539,28604.0,1088.0,,,,,,,
ID6539,28733.0,1072.0,,,,,,,
ID6539,28862.0,1088.0,,,,,,,
ID6539,28990.0,1088.0,,,,,,,
ID6539,29119.0,1088.0,,,,,,,
ID6539,29247.0,1072.0,,,,,,,
ID6539,29376.0,1088.0,,,,,,,
ID6539,29504.0,1088.0,,,,,,,
ID6539,29633.0,1072.0,,,,,,,
ID6539,29761.0,1088.0,,,,,,,
ID6539,29890.0,1088.0,,,,,,,
ID6539,30018.0,1088.0,,,,,,,
ID6539,30148.0,1088.0,,,,,,,
ID6539,30276.0,1072.0,,,,,,,
ID6539,30405.0,1088.0,,,,,,,
ID6539,30533.0,1088.0,,,,,,,
ID6539,30662.0,1072.0,,,,,,,
ID6539,30790.0,1088.0,,,,,,,
ID6539,30919.0,1088.0,,,,,,,
ID6539,31047.0,1072.0,,,,,,,
ID6539,31176.0,1072.0,,,,,,,
ID6539,31304.0,1088.0,,,,,,,
ID6539,31433.0,1088.0,,,,,,,
ID6539,31561.0,1072.0,,,,,,,
ID6539,31690.0,1088.0,,,,,,,
ID6539,31818.0,1088.0,,,,,,,
ID6539,31947.0,1088.0,,,,,,,
ID6539,32076.0,1088.0,,,,,,,
ID6539,32204.0,1072.0,,,,,,,
ID6539,32333.0,1088.0,,,,,,,
ID6539,32461.0,1088.0,,,,,,,
ID6539,32590.0,1088.0,,,,,,,
ID6539,32719.0,1088.0,,,,,,,
ID6539,32847.0,1088.0,,,,,,,
ID6539,32976.0,1088.0,,,,,,,
ID6539,33105.0,1088.0,,,,,,,
ID6539,33233.0,1088.0,,,,,,,
ID6539,33362.0,1088.0,,,,,,,
ID6539,33490.0,1088.0,,,,,,,
ID6539,33620.0,1072.0,,,,,,,
ID6539,33748.0,1088.0,,,,,,,
ID6539,33877.0,1072.0,,,,,,,
ID6539,34006.0,1088.0,,,,,,,
ID6539,34134.0,1088.0,,,,,,,
ID6539,34263.0,1088.0,,,,,,,
ID6539,34391.0,1088.0,,,,,,,
ID6539,34520.0,1072.0,,,,,,,
ID6539,34648.0,1088.0,,,,,,,
ID6539,34777.0,1072.0,,,,,,,
ID6539,34905.0,1072.0,,,,,,,
ID6539,35034.0,1072.0,,,,,,,
ID6539,35162.0,1088.0,,,,,,,
ID6539,35291.0,1088.0,,,,,,,
ID6539,35420.0,1088.0,,,,,,,
ID6539,35548.0,1072.0,,,,,,,
ID6539,35677.0,1088.0,,,,,,,
ID6539,,,1088.0,8.057554,0.0,35.712,1089.6,0.129,
ID3339697,,,0.0,0.0,0.0,1.204,1088.0,,
,1.0,256.0,,,,,,,
,101.0,240.0,,,,,,,
,202.0,176.0,,,,,,,
,302.0,192.0,,,,,,,
,403.0,240.0,,,,,,,
,504.0,256.0,,,,,,,
,604.0,176.0,,,,,,,
,705.0,240.0,,,,,,,
,805.0,224.0,,,,,,,
,906.0,176.0,,,,,,,
,1006.0,192.0,,,,,,,
ID4126541,,,0.0,0.0,0.0,2.437,1112.0,,
ID214430,5.0,1072.0,,,,,,,
ID214430,134.0,1088.0,,,,,,,
ID214430,263.0,1088.0,,,,,,,
ID214430,391.0,1088.0,,,,,,,
ID214430,520.0,1088.0,,,,,,,
ID214430,649.0,1088.0,,,,,,,
ID214430,778.0,1072.0,,,,,,,
ID214430,906.0,1088.0,,,,,,,
ID214430,1035.0,1088.0,,,,,,,
ID214430,1164.0,1088.0,,,,,,,
ID214430,1293.0,1072.0,,,,,,,
ID214430,1421.0,1088.0,,,,,,,
ID214430,1550.0,1088.0,,,,,,,
ID214430,1679.0,1072.0,,,,,,,
ID214430,1808.0,1088.0,,,,,,,
ID214430,1936.0,1088.0,,,,,,,
ID214430,2065.0,1088.0,,,,,,,
ID214430,2194.0,1088.0,,,,,,,
ID214430,2323.0,1088.0,,,,,,,
ID214430,2451.0,1088.0,,,,,,,
ID214430,2580.0,1088.0,,,,,,,
ID214430,2709.0,1088.0,,,,,,,
ID214430,2838.0,1088.0,,,,,,,
ID214430,2967.0,1088.0,,,,,,,
ID214430,3096.0,1088.0,,,,,,,
ID214430,3225.0,1088.0,,,,,,,
ID214430,3354.0,1088.0,,,,,,,
ID214430,3482.0,1088.0,,,,,,,
ID214430,3611.0,1088.0,,,,,,,
ID214430,3740.0,1088.0,,,,,,,
ID214430,3869.0,1088.0,,,,,,,
ID214430,3997.0,1088.0,,,,,,,
ID214430,4126.0,1072.0,,,,,,,
ID214430,4255.0,1088.0,,,,,,,
ID214430,4384.0,1088.0,,,,,,,
ID214430,4512.0,1088.0,,,,,,,
ID214430,4641.0,1088.0,,,,,,,
ID214430,4770.0,1088.0,,,,,,,
ID214430,4898.0,1088.0,,,,,,,
ID214430,5027.0,1088.0,,,,,,,
ID214430,5156.0,1088.0,,,,,,,
ID214430,5285.0,1072.0,,,,,,,
ID214430,5413.0,1088.0,,,,,,,
ID214430,5542.0,1088.0,,,,,,,
ID214430,5671.0,1088.0,,,,,,,
ID214430,5800.0,1088.0,,,,,,,
ID214430,5928.0,1088.0,,,,,,,
ID214430,6057.0,1088.0,,,,,,,
ID214430,6185.0,1088.0,,,,,,,
ID214430,6314.0,1088.0,,,,,,,
ID214430,6443.0,1088.0,,,,,,,
ID214430,6571.0,1072.0,,,,,,,
ID214430,6700.0,1088.0,,,,,,,
ID214430,6828.0,1088.0,,,,,,,
ID214430,6957.0,1088.0,,,,,,,
ID214430,7086.0,1088.0,,,,,,,
ID214430,7214.0,1088.0,,,,,,,
ID214430,7343.0,1072.0,,,,,,,
ID214430,7471.0,1072.0,,,,,,,
ID214430,7600.0,1088.0,,,,,,,
ID214430,7729.0,1088.0,,,,,,,
ID214430,7858.0,1088.0,,,,,,,
ID214430,7986.0,1088.0,,,,,,,
ID214430,8115.0,1088.0,,,,,,,
ID214430,8244.0,1088.0,,,,,,,
ID214430,8372.0,1088.0,,,,,,,
ID214430,8501.0,1088.0,,,,,,,
ID214430,8630.0,1088.0,,,,,,,
ID214430,8759.0,1088.0,,,,,,,
ID214430,8887.0,1072.0,,,,,,,
ID214430,,,1088.0,3.657143,0.0,8.916,1113.6,0.129,
,100.0,15395.0,,,,,,,
,229.0,14755.0,,,,,,,
,357.0,14675.0,,,,,,,
,486.0,14755.0,,,,,,,
,614.0,14899.0,,,,,,,
,743.0,14899.0,,,,,,,
,68.0,15139.0,,,,,,,
,197.0,15235.0,,,,,,,
,326.0,15235.0,,,,,,,
,454.0,15299.0,,,,,,,
,583.0,15363.0,,,,,,,
,711.0,15411.0,,,,,,,
,840.0,15443.0,,,,,,,
,968.0,15491.0,,,,,,,
,1097.0,15619.0,,,,,,,
,1225.0,15555.0,,,,,,,
,1354.0,15619.0,,,,,,,
,1482.0,15651.0,,,,,,,
,1611.0,15699.0,,,,,,,
,1739.0,15731.0,,,,,,,
,1867.0,15715.0,,,,,,,
,1996.0,15747.0,,,,,,,
,2124.0,15747.0,,,,,,,
,2252.0,15763.0,,,,,,,
,2381.0,15779.0,,,,,,,
,2509.0,15779.0,,,,,,,
,2638.0,15971.0,,,,,,,
,2766.0,15747.0,,,,,,,
,2894.0,13043.0,,,,,,,
,3023.0,11506.0,,,,,,,
,3151.0,11346.0,,,,,,,
,3280.0,11090.0,,,,,,,
,3408.0,11090.0,,,,,,,
,3537.0,11090.0,,,,,,,
,3665.0,11074.0,,,,,,,
,3793.0,11026.0,,,,,,,
,3922.0,10962.0,,,,,,,
,4050.0,10930.0,,,,,,,
,4179.0,10882.0,,,,,,,
,4307.0,10818.0,,,,,,,
,4436.0,10770.0,,,,,,,
,4564.0,10738.0,,,,,,,
,4693.0,10706.0,,,,,,,
,4821.0,10674.0,,,,,,,
,4949.0,10642.0,,,,,,,
,5078.0,10594.0,,,,,,,
,5206.0,10514.0,,,,,,,
,98.0,11954.0,,,,,,,
,227.0,11330.0,,,,,,,
,356.0,11458.0,,,,,,,
,485.0,11538.0,,,,,,,
,614.0,11618.0,,,,,,,
,743.0,11554.0,,,,,,,
,872.0,11522.0,,,,,,,
,1000.0,11794.0,,,,,,,
,1129.0,11842.0,,,,,,,
,1258.0,11794.0,,,,,,,
,1386.0,11730.0,,,,,,,
,1515.0,11730.0,,,,,,,
,58.0,1344.0,,,,,,,
,187.0,1072.0,,,,,,,
,315.0,1072.0,,,,,,,
,443.0,1088.0,,,,,,,
,572.0,1072.0,,,,,,,
,700.0,1088.0,,,,,,,
,829.0,1072.0,,,,,,,
,957.0,1088.0,,,,,,,
,1085.0,1088.0,,,,,,,
,1214.0,1072.0,,,,,,,
,1342.0,1088.0,,,,,,,
,1471.0,1088.0,,,,,,,
,1599.0,1072.0,,,,,,,
,1728.0,1072.0,,,,,,,
,1856.0,1072.0,,,,,,,
,1984.0,1072.0,,,,,,,
,2113.0,1072.0,,,,,,,
,2242.0,1072.0,,,,,,,
,2370.0,1088.0,,,,,,,
,2498.0,1072.0,,,,,,,
,2627.0,1088.0,,,,,,,
,2755.0,1072.0,,,,,,,
,2883.0,1072.0,,,,,,,
,3012.0,1072.0,,,,,,,
,3140.0,1072.0,,,,,,,
,3268.0,1072.0,,,,,,,
,3397.0,1088.0,,,,,,,
,3525.0,1088.0,,,,,,,
,3653.0,1088.0,,,,,,,
,3782.0,1072.0,,,,,,,
,3910.0,1072.0,,,,,,,
,4039.0,1072.0,,,,,,,
,4167.0,1072.0,,,,,,,
,4295.0,1072.0,,,,,,,
,4424.0,1072.0,,,,,,,
,4552.0,1072.0,,,,,,,
,4680.0,1072.0,,,,,,,
,4809.0,1072.0,,,,,,,
,4937.0,1072.0,,,,,,,
,5065.0,1072.0,,,,,,,
,5194.0,1072.0,,,,,,,
,5322.0,1088.0,,,,,,,
,5450.0,1072.0,,,,,,,
,5579.0,1088.0,,,,,,,
,5707.0,1072.0,,,,,,,
,5835.0,1072.0,,,,,,,
,5964.0,1088.0,,,,,,,
,6092.0,1072.0,,,,,,,
,6221.0,1072.0,,,,,,,
,6350.0,1072.0,,,,,,,
,6478.0,1072.0,,,,,,,
,6606.0,1088.0,,,,,,,
,6735.0,1072.0,,,,,,,
,6863.0,1072.0,,,,,,,
,6991.0,1088.0,,,,,,,
,7120.0,1088.0,,,,,,,
,7248.0,1072.0,,,,,,,
,7377.0,1072.0,,,,,,,
,7505.0,1088.0,,,,,,,
,7634.0,1072.0,,,,,,,
,7762.0,1072.0,,,,,,,
,7890.0,1072.0,,,,,,,
,8018.0,1088.0,,,,,,,
,8147.0,1072.0,,,,,,,
,8275.0,1072.0,,,,,,,
,8404.0,1072.0,,,,,,,
,8532.0,1088.0,,,,,,,
,8660.0,1072.0,,,,,,,
,8789.0,1072.0,,,,,,,
,8917.0,1072.0,,,,,,,
,9045.0,1088.0,,,,,,,
,9174.0,1072.0,,,,,,,
,9302.0,1072.0,,,,,,,
,9431.0,1072.0,,,,,,,
,9559.0,1072.0,,,,,,,
,9687.0,1072.0,,,,,,,
,9816.0,1088.0,,,,,,,
,9944.0,1088.0,,,,,,,
,10073.0,1072.0,,,,,,,
,10201.0,1072.0,,,,,,,
,10329.0,1088.0,,,,,,,
,10458.0,1072.0,,,,,,,
,10586.0,1072.0,,,,,,,
,10715.0,1088.0,,,,,,,
,10843.0,1072.0,,,,,,,
,10972.0,1088.0,,,,,,,
,11100.0,1072.0,,,,,,,
,11229.0,1072.0,,,,,,,
,11357.0,1088.0,,,,,,,
,11486.0,1072.0,,,,,,,
,11614.0,1088.0,,,,,,,
,11743.0,1072.0,,,,,,,
,11871.0,1072.0,,,,,,,
,11999.0,1072.0,,,,,,,
,12128.0,1088.0,,,,,,,
,12256.0,1072.0,,,,,,,
ID202849,85.0,1088.0,,,,,,,
ID202849,214.0,1088.0,,,,,,,
ID202849,343.0,1088.0,,,,,,,
ID202849,472.0,1088.0,,,,,,,
ID202849,601.0,1088.0,,,,,,,
ID202849,729.0,1088.0,,,,,,,
ID202849,858.0,1088.0,,,,,,,
ID202849,987.0,1088.0,,,,,,,
ID202849,1115.0,1088.0,,,,,,,
ID202849,1244.0,1088.0,,,,,,,
ID202849,1373.0,1088.0,,,,,,,
ID202849,1501.0,1088.0,,,,,,,
ID202849,1630.0,1088.0,,,,,,,
ID202849,1759.0,1088.0,,,,,,,
ID202849,1888.0,1088.0,,,,,,,
ID202849,2016.0,1088.0,,,,,,,
ID202849,2145.0,1088.0,,,,,,,
ID202849,2274.0,1088.0,,,,,,,
ID202849,2402.0,1088.0,,,,,,,
ID202849,2531.0,1088.0,,,,,,,
ID202849,2659.0,1088.0,,,,,,,
ID202849,2788.0,1088.0,,,,,,,
ID202849,2917.0,1088.0,,,,,,,
ID202849,3045.0,1088.0,,,,,,,
ID202849,3174.0,1088.0,,,,,,,
ID202849,3302.0,1088.0,,,,,,,
ID202849,3431.0,1088.0,,,,,,,
ID202849,3559.0,1088.0,,,,,,,
ID202849,3688.0,1088.0,,,,,,,
ID202849,3816.0,1088.0,,,,,,,
ID202849,3945.0,1072.0,,,,,,,
ID202849,4074.0,1088.0,,,,,,,
ID202849,4202.0,1088.0,,,,,,,
ID202849,4331.0,1088.0,,,,,,,
ID202849,4460.0,1088.0,,,,,,,
ID202849,4589.0,1088.0,,,,,,,
ID202849,,,1088.0,0.8888889,0.0,4.626,1086.4,0.129,
,99.0,9618.0,,,,,,,
,228.0,9586.0,,,,,,,
,357.0,9602.0,,,,,,,
,485.0,9618.0,,,,,,,
,614.0,9618.0,,,,,,,
,0.0,5809.0,,,,,,,
,0.0,240.0,,,,,,,
,129.0,224.0,,,,,,,
,258.0,208.0,,,,,,,
,387.0,224.0,,,,,,,
,516.0,224.0,,,,,,,
,645.0,208.0,,,,,,,
,773.0,224.0,,,,,,,
,902.0,240.0,,,,,,,
,1031.0,224.0,,,,,,,
,1159.0,208.0,,,,,,,
,1288.0,192.0,,,,,,,
,1417.0,224.0,,,,,,,
,1546.0,224.0,,,,,,,
,1674.0,224.0,,,,,,,
,1803.0,224.0,,,,,,,
,1932.0,224.0,,,,,,,
,2061.0,224.0,,,,,,,
,2189.0,208.0,,,,,,,
,2318.0,208.0,,,,,,,
,2447.0,224.0,,,,,,,
,2576.0,192.0,,,,,,,
,2704.0,224.0,,,,,,,
,2833.0,224.0,,,,,,,
,2961.0,224.0,,,,,,,
,3090.0,224.0,,,,,,,
,3219.0,192.0,,,,,,,
,3347.0,224.0,,,,,,,
,3476.0,224.0,,,,,,,
,3604.0,208.0,,,,,,,
,3733.0,224.0,,,,,,,
,3862.0,256.0,,,,,,,
,3990.0,224.0,,,,,,,
,4119.0,240.0,,,,,,,
,4248.0,208.0,,,,,,,
,4376.0,224.0,,,,,,,
,4505.0,224.0,,,,,,,
,4633.0,224.0,,,,,,,
,4762.0,224.0,,,,,,,
,4891.0,160.0,,,,,,,
,5019.0,208.0,,,,,,,
,5148.0,208.0,,,,,,,
,5276.0,224.0,,,,,,,
,5405.0,240.0,,,,,,,
,5534.0,224.0,,,,,,,
,5662.0,240.0,,,,,,,
,5791.0,224.0,,,,,,,
,5920.0,208.0,,,,,,,
,6048.0,208.0,,,,,,,
,6177.0,224.0,,,,,,,
,6305.0,208.0,,,,,,,
,6434.0,224.0,,,,,,,
,6562.0,208.0,,,,,,,
,6691.0,224.0,,,,,,,
,6820.0,224.0,,,,,,,
,6949.0,208.0,,,,,,,
,7077.0,224.0,,,,,,,
,7206.0,208.0,,,,,,,
,7334.0,224.0,,,,,,,
,7463.0,224.0,,,,,,,
,7592.0,224.0,,,,,,,
,7720.0,224.0,,,,,,,
,7849.0,224.0,,,,,,,
,7977.0,256.0,,,,,,,
,8106.0,224.0,,,,,,,
,8234.0,208.0,,,,,,,
,8363.0,208.0,,,,,,,
,8491.0,224.0,,,,,,,
,8620.0,224.0,,,,,,,
,8748.0,224.0,,,,,,,
,8877.0,224.0,,,,,,,
,9005.0,208.0,,,,,,,
,9134.0,240.0,,,,,,,
,9262.0,208.0,,,,,,,
,9391.0,224.0,,,,,,,
,9519.0,224.0,,,,,,,
,9648.0,192.0,,,,,,,
,9776.0,224.0,,,,,,,
,9905.0,192.0,,,,,,,
,10033.0,208.0,,,,,,,
,10161.0,256.0,,,,,,,
,10290.0,224.0,,,,,,,
,10419.0,224.0,,,,,,,
,10548.0,208.0,,,,,,,
,10676.0,208.0,,,,,,,
,10805.0,224.0,,,,,,,
,10934.0,208.0,,,,,,,
,11062.0,224.0,,,,,,,
,11191.0,224.0,,,,,,,
,11319.0,224.0,,,,,,,
,11448.0,224.0,,,,,,,
,11577.0,128.0,,,,,,,
,11705.0,224.0,,,,,,,
,11834.0,224.0,,,,,,,
,11963.0,208.0,,,,,,,
,12092.0,224.0,,,,,,,
,12220.0,208.0,,,,,,,
,12349.0,208.0,,,,,,,
,12478.0,208.0,,,,,,,
,12606.0,224.0,,,,,,,
,12735.0,224.0,,,,,,,
,12863.0,224.0,,,,,,,
,12992.0,272.0,,,,,,,
,13120.0,192.0,,,,,,,
,13249.0,224.0,,,,,,,
,13377.0,224.0,,,,,,,
,13506.0,240.0,,,,,,,
,13635.0,224.0,,,,,,,
,13763.0,224.0,,,,,,,
,13892.0,208.0,,,,,,,
,0.0,5585.0,,,,,,,
,1.0,3104.0,,,,,,,
,102.0,3168.0,,,,,,,
,202.0,3168.0,,,,,,,
,303.0,3120.0,,,,,,,
,404.0,3152.0,,,,,,,
,504.0,3120.0,,,,,,,
,605.0,3152.0,,,,,,,
,706.0,3152.0,,,,,,,
,806.0,2976.0,,,,,,,
,907.0,3008.0,,,,,,,
,1008.0,2896.0,,,,,,,
,1108.0,2864.0,,,,,,,
,1209.0,2848.0,,,,,,,
,1310.0,2864.0,,,,,,,
,1410.0,2864.0,,,,,,,
,1511.0,2864.0,,,,,,,
,1612.0,2944.0,,,,,,,
,1712.0,2976.0,,,,,,,
,1813.0,3040.0,,,,,,,
,1913.0,3088.0,,,,,,,
,2014.0,3152.0,,,,,,,
,2115.0,3200.0,,,,,,,
,2215.0,3264.0,,,,,,,
,2316.0,3248.0,,,,,,,
,2417.0,3328.0,,,,,,,
,2518.0,3376.0,,,,,,,
,2618.0,3360.0,,,,,,,
,2719.0,3360.0,,,,,,,
,2819.0,3360.0,,,,,,,
,2920.0,3360.0,,,,,,,
,3021.0,3360.0,,,,,,,
,3121.0,3328.0,,,,,,,
,3222.0,3376.0,,,,,,,
,3322.0,3392.0,,,,,,,
,3423.0,3392.0,,,,,,,
,3524.0,3472.0,,,,,,,
,3624.0,3520.0,,,,,,,
,3725.0,3680.0,,,,,,,
,3826.0,3856.0,,,,,,,
,3926.0,3904.0,,,,,,,
,4027.0,4161.0,,,,,,,
,4127.0,4257.0,,,,,,,
,4228.0,4561.0,,,,,,,
,4329.0,4833.0,,,,,,,
,4429.0,4801.0,,,,,,,
,4530.0,4961.0,,,,,,,
,4630.0,5057.0,,,,,,,
,4731.0,5121.0,,,,,,,
,4832.0,4945.0,,,,,,,
,4932.0,4897.0,,,,,,,
,5033.0,5201.0,,,,,,,
,5133.0,5217.0,,,,,,,
,5234.0,5329.0,,,,,,,
,5335.0,5537.0,,,,,,,
,5435.0,5553.0,,,,,,,
,5536.0,5649.0,,,,,,,
,5637.0,5665.0,,,,,,,
,5737.0,5521.0,,,,,,,
,5838.0,5569.0,,,,,,,
,5939.0,5649.0,,,,,,,
,6039.0,5713.0,,,,,,,
,6140.0,5729.0,,,,,,,
,6241.0,5825.0,,,,,,,
,6342.0,5857.0,,,,,,,
,6442.0,5729.0,,,,,,,
,6543.0,5889.0,,,,,,,
,6644.0,6081.0,,,,,,,
,6744.0,5537.0,,,,,,,
,6845.0,4433.0,,,,,,,
,6946.0,3760.0,,,,,,,
,7046.0,3616.0,,,,,,,
,7147.0,3472.0,,,,,,,
,7247.0,3536.0,,,,,,,
,7348.0,3376.0,,,,,,,
,7449.0,3424.0,,,,,,,
,7550.0,3488.0,,,,,,,
,7650.0,3392.0,,,,,,,
,7751.0,3280.0,,,,,,,
,7851.0,3200.0,,,,,,,
,7952.0,3152.0,,,,,,,
,8053.0,3152.0,,,,,,,
,8153.0,3136.0,,,,,,,
,8254.0,3152.0,,,,,,,
,8354.0,3056.0,,,,,,,
,8455.0,3024.0,,,,,,,
,8556.0,2928.0,,,,,,,
,8656.0,2912.0,,,,,,,
,8757.0,2976.0,,,,,,,
,8858.0,2992.0,,,,,,,
,8958.0,2912.0,,,,,,,
,5.0,12803.0,,,,,,,
,134.0,13859.0,,,,,,,
,262.0,13875.0,,,,,,,
,391.0,13891.0,,,,,,,
,519.0,13939.0,,,,,,,
,648.0,13907.0,,,,,,,
,776.0,13907.0,,,,,,,
,905.0,14003.0,,,,,,,
,1033.0,14051.0,,,,,,,
,1161.0,14099.0,,,,,,,
,1290.0,14163.0,,,,,,,
,1418.0,14131.0,,,,,,,
,1546.0,14131.0,,,,,,,
,1675.0,14003.0,,,,,,,
,1803.0,13923.0,,,,,,,
,1932.0,13667.0,,,,,,,
,2060.0,13363.0,,,,,,,
,2189.0,13107.0,,,,,,,
,2317.0,12963.0,,,,,,,
,2446.0,12995.0,,,,,,,
,2574.0,13155.0,,,,,,,
,2702.0,13347.0,,,,,,,
,2831.0,13699.0,,,,,,,
,2959.0,13795.0,,,,,,,
,3088.0,13923.0,,,,,,,
,3216.0,14083.0,,,,,,,
,3344.0,14227.0,,,,,,,
,3473.0,14307.0,,,,,,,
,3601.0,14371.0,,,,,,,
,3729.0,14563.0,,,,,,,
,3858.0,14691.0,,,,,,,
,3986.0,15027.0,,,,,,,
,4114.0,13059.0,,,,,,,
,4243.0,13059.0,,,,,,,
,4371.0,13315.0,,,,,,,
,4499.0,13715.0,,,,,,,
,4628.0,14099.0,,,,,,,
,4756.0,14371.0,,,,,,,
,4885.0,14563.0,,,,,,,
,5013.0,14691.0,,,,,,,
,5142.0,14723.0,,,,,,,
,5270.0,14787.0,,,,,,,
,5399.0,14771.0,,,,,,,
,5527.0,14851.0,,,,,,,
,5655.0,14707.0,,,,,,,
,5784.0,14515.0,,,,,,,
,5912.0,14467.0,,,,,,,
,6041.0,14243.0,,,,,,,
,6169.0,14083.0,,,,,,,
,6297.0,14051.0,,,,,,,
,6426.0,13987.0,,,,,,,
,6554.0,14003.0,,,,,,,
,6683.0,13939.0,,,,,,,
,6811.0,13923.0,,,,,,,
,6940.0,13891.0,,,,,,,
,7068.0,13731.0,,,,,,,
,7197.0,13667.0,,,,,,,
,7326.0,13587.0,,,,,,,
,7454.0,13603.0,,,,,,,
,7583.0,13731.0,,,,,,,
,7711.0,13699.0,,,,,,,
,7839.0,13715.0,,,,,,,
,7968.0,13859.0,,,,,,,
,8096.0,14179.0,,,,,,,
,0.0,5153.0,,,,,,,
,1.0,7985.0,,,,,,,
,144.0,8482.0,,,,,,,
,273.0,8065.0,,,,,,,
,401.0,8226.0,,,,,,,
,530.0,8354.0,,,,,,,
,659.0,8386.0,,,,,,,
,787.0,8322.0,,,,,,,
,916.0,8338.0,,,,,,,
,1045.0,8097.0,,,,,,,
,1173.0,8210.0,,,,,,,
,1302.0,7937.0,,,,,,,
,1430.0,8145.0,,,,,,,
,1559.0,7729.0,,,,,,,
,1688.0,7713.0,,,,,,,
,1816.0,7937.0,,,,,,,
,1945.0,8113.0,,,,,,,
,2073.0,8081.0,,,,,,,
,2202.0,8017.0,,,,,,,
,2331.0,8033.0,,,,,,,
,2459.0,8177.0,,,,,,,
,2588.0,8242.0,,,,,,,
,2716.0,8177.0,,,,,,,
,2845.0,17076.0,,,,,,,
,2974.0,19044.0,,,,,,,
,3103.0,19604.0,,,,,,,
,3231.0,19940.0,,,,,,,
,3360.0,19860.0,,,,,,,
,3488.0,19892.0,,,,,,,
,3617.0,13075.0,,,,,,,
,3746.0,8450.0,,,,,,,
,3874.0,8450.0,,,,,,,
,4003.0,9426.0,,,,,,,
,4132.0,8129.0,,,,,,,
,1.0,5153.0,,,,,,,
946320-b'\xe6a8R\x83_\xb61',86.0,1344.0,,,,,,,983.0
946320-b'\xe6a8R\x83_\xb61',215.0,1072.0,,,,,,,983.0
946320-b'\xe6a8R\x83_\xb61',344.0,1072.0,,,,,,,983.0
946320-b'\xe6a8R\x83_\xb61',473.0,1072.0,,,,,,,983.0
946320-b'\xe6a8R\x83_\xb61',602.0,1072.0,,,,,,,983.0
946320-b'\xe6a8R\x83_\xb61',731.0,1072.0,,,,,,,983.0
946320-b'\xe6a8R\x83_\xb61',859.0,1072.0,,,,,,,984.0
946320-b'\xe6a8R\x83_\xb61',988.0,1072.0,,,,,,,984.0
946320-b'\xe6a8R\x83_\xb61',1117.0,1072.0,,,,,,,984.0
946320-b'\xe6a8R\x83_\xb61',1246.0,1088.0,,,,,,,984.0
946320-b'\xe6a8R\x83_\xb61',1375.0,1072.0,,,,,,,984.0
946320-b'\xe6a8R\x83_\xb61',1503.0,1072.0,,,,,,,984.0
946320-b'\xe6a8R\x83_\xb61',1632.0,1072.0,,,,,,,984.0
946320-b'\xe6a8R\x83_\xb61',1761.0,1072.0,,,,,,,985.0
,38.0,2240.0,,,,,,,
,167.0,2256.0,,,,,,,
,295.0,2304.0,,,,,,,
,424.0,2240.0,,,,,,,
,552.0,2224.0,,,,,,,
,681.0,2192.0,,,,,,,
,809.0,2224.0,,,,,,,
,938.0,2208.0,,,,,,,
,1066.0,2224.0,,,,,,,
,1195.0,2256.0,,,,,,,
,1323.0,2320.0,,,,,,,
,1452.0,2304.0,,,,,,,
,1580.0,2400.0,,,,,,,
,1709.0,2336.0,,,,,,,
,1838.0,2368.0,,,,,,,
,1966.0,2400.0,,,,,,,
,2095.0,2384.0,,,,,,,
,2223.0,2448.0,,,,,,,
,2352.0,2400.0,,,,,,,
ID176231,65.0,1088.0,,,,,,,
ID176231,194.0,1088.0,,,,,,,
ID176231,323.0,1088.0,,,,,,,
ID176231,451.0,1088.0,,,,,,,
ID176231,580.0,1088.0,,,,,,,
ID176231,709.0,1088.0,,,,,,,
ID176231,838.0,1088.0,,,,,,,
ID176231,966.0,1088.0,,,,,,,
ID176231,1095.0,1088.0,,,,,,,
ID176231,1224.0,1088.0,,,,,,,
ID176231,1353.0,1088.0,,,,,,,
ID176231,1482.0,1088.0,,,,,,,
ID176231,1611.0,1088.0,,,,,,,
ID176231,1740.0,1088.0,,,,,,,
ID176231,1869.0,1088.0,,,,,,,
ID176231,1998.0,1088.0,,,,,,,
ID176231,2127.0,1088.0,,,,,,,
ID176231,2256.0,1088.0,,,,,,,
ID176231,2384.0,1104.0,,,,,,,
ID176231,2513.0,1088.0,,,,,,,
ID176231,2642.0,1088.0,,,,,,,
ID176231,2770.0,1088.0,,,,,,,
ID176231,2899.0,1088.0,,,,,,,
ID176231,3028.0,1104.0,,,,,,,
ID176231,3156.0,1088.0,,,,,,,
ID176231,3285.0,1072.0,,,,,,,
ID176231,3414.0,1088.0,,,,,,,
ID176231,3543.0,1088.0,,,,,,,
ID176231,3671.0,1088.0,,,,,,,
ID176231,3800.0,1088.0,,,,,,,
ID176231,3929.0,1088.0,,,,,,,
ID176231,4057.0,1088.0,,,,,,,
ID176231,4186.0,1088.0,,,,,,,
ID176231,4315.0,1088.0,,,,,,,
ID176231,4444.0,1088.0,,,,,,,
ID176231,4572.0,1088.0,,,,,,,
ID176231,4701.0,1088.0,,,,,,,
ID176231,4830.0,1088.0,,,,,,,
ID176231,4958.0,1088.0,,,,,,,
ID176231,5087.0,1088.0,,,,,,,
ID176231,5216.0,1088.0,,,,,,,
ID176231,5344.0,1088.0,,,,,,,
ID176231,5473.0,1088.0,,,,,,,
ID176231,5601.0,1088.0,,,,,,,
ID176231,5730.0,1088.0,,,,,,,
ID176231,5858.0,1088.0,,,,,,,
ID176231,5987.0,1088.0,,,,,,,
ID176231,6116.0,1088.0,,,,,,,
ID176231,6244.0,1088.0,,,,,,,
ID176231,6373.0,1088.0,,,,,,,
ID176231,6502.0,1088.0,,,,,,,
ID176231,6630.0,1088.0,,,,,,,
ID176231,6759.0,1088.0,,,,,,,
ID176231,6888.0,1072.0,,,,,,,
ID176231,7016.0,1088.0,,,,,,,
ID176231,7145.0,1088.0,,,,,,,
ID176231,7273.0,1088.0,,,,,,,
ID176231,7402.0,1088.0,,,,,,,
ID176231,7531.0,1088.0,,,,,,,
ID176231,7659.0,1088.0,,,,,,,
ID176231,7788.0,1088.0,,,,,,,
ID176231,7916.0,1088.0,,,,,,,
ID176231,8045.0,1072.0,,,,,,,
ID176231,8173.0,1088.0,,,,,,,
ID176231,8302.0,1088.0,,,,,,,
ID176231,8430.0,1088.0,,,,,,,
ID176231,8559.0,1088.0,,,,,,,
ID176231,8688.0,1072.0,,,,,,,
ID176231,8816.0,1088.0,,,,,,,
ID176231,8945.0,1088.0,,,,,,,
ID176231,9073.0,1088.0,,,,,,,
ID176231,9202.0,1088.0,,,,,,,
ID176231,9330.0,1088.0,,,,,,,
ID176231,9459.0,1088.0,,,,,,,
ID176231,9587.0,1088.0,,,,,,,
ID176231,9716.0,1088.0,,,,,,,
ID176231,9844.0,1088.0,,,,,,,
ID176231,9973.0,1088.0,,,,,,,
ID176231,10102.0,1088.0,,,,,,,
ID176231,10230.0,1104.0,,,,,,,
ID176231,10359.0,1088.0,,,,,,,
ID176231,10487.0,1088.0,,,,,,,
ID176231,10616.0,1088.0,,,,,,,
ID176231,10745.0,1088.0,,,,,,,
ID176231,10873.0,1088.0,,,,,,,
ID176231,11002.0,1088.0,,,,,,,
ID176231,11131.0,1088.0,,,,,,,
ID176231,11260.0,1088.0,,,,,,,
ID176231,11388.0,1088.0,,,,,,,
ID176231,11517.0,1088.0,,,,,,,
ID176231,11646.0,1088.0,,,,,,,
ID176231,11774.0,1088.0,,,,,,,
ID176231,11903.0,1088.0,,,,,,,
ID176231,12032.0,1088.0,,,,,,,
ID176231,12160.0,1088.0,,,,,,,
ID176231,12289.0,1088.0,,,,,,,
ID176231,12417.0,1088.0,,,,,,,
ID176231,12546.0,1088.0,,,,,,,
ID176231,12675.0,1088.0,,,,,,,
ID176231,12803.0,1088.0,,,,,,,
ID176231,12932.0,1072.0,,,,,,,
ID176231,13061.0,1088.0,,,,,,,
ID176231,13189.0,1088.0,,,,,,,
ID176231,13318.0,1088.0,,,,,,,
ID176231,13447.0,1088.0,,,,,,,
ID176231,13575.0,1088.0,,,,,,,
ID176231,13704.0,1088.0,,,,,,,
ID176231,13833.0,1088.0,,,,,,,
ID176231,13961.0,1088.0,,,,,,,
ID176231,14090.0,1088.0,,,,,,,
ID176231,14218.0,1088.0,,,,,,,
ID176231,14347.0,1088.0,,,,,,,
ID176231,14476.0,1088.0,,,,,,,
ID176231,14604.0,1088.0,,,,,,,
ID176231,14733.0,1088.0,,,,,,,
ID176231,14861.0,1088.0,,,,,,,
ID176231,14990.0,1088.0,,,,,,,
ID176231,15119.0,1088.0,,,,,,,
ID176231,15248.0,1088.0,,,,,,,
ID176231,15376.0,1088.0,,,,,,,
ID176231,15505.0,1088.0,,,,,,,
ID176231,15634.0,1088.0,,,,,,,
ID176231,15762.0,1088.0,,,,,,,
ID176231,15891.0,1104.0,,,,,,,
ID176231,16019.0,1088.0,,,,,,,
ID176231,16148.0,1088.0,,,,,,,
ID176231,16277.0,1088.0,,,,,,,
ID176231,,,1104.0,2.267717,0.0,16.333,1113.6,0.129,
ID2987020,95.0,1072.0,,,,,,,3067.0
ID2987020,224.0,1072.0,,,,,,,3068.0
ID2987020,352.0,1072.0,,,,,,,3068.0
ID2987020,481.0,1072.0,,,,,,,3068.0
ID2987020,610.0,1072.0,,,,,,,3068.0
ID2987020,738.0,1072.0,,,,,,,3068.0
ID2987020,867.0,1072.0,,,,,,,3068.0
ID2987020,996.0,1072.0,,,,,,,3068.0
ID2987020,1124.0,1072.0,,,,,,,3068.0
ID2987020,1253.0,1072.0,,,,,,,3069.0
ID2987020,1381.0,1072.0,,,,,,,3069.0
ID2987020,1511.0,1072.0,,,,,,,3069.0
ID2987020,1639.0,1072.0,,,,,,,3069.0
ID2987020,1768.0,1072.0,,,,,,,3069.0
ID2987020,1897.0,1072.0,,,,,,,3069.0
ID2987020,,,1072.0,0.0,0.0,1.971,1072.0,0.129,
,46.0,1248.0,,,,,,,
,174.0,1088.0,,,,,,,
,303.0,1088.0,,,,,,,
,431.0,1072.0,,,,,,,
,560.0,1088.0,,,,,,,
,688.0,1088.0,,,,,,,
,817.0,1088.0,,,,,,,
,945.0,1072.0,,,,,,,
,1074.0,1072.0,,,,,,,
,1202.0,1088.0,,,,,,,
,1331.0,1088.0,,,,,,,
,1459.0,1088.0,,,,,,,
,1587.0,1088.0,,,,,,,
,1716.0,1088.0,,,,,,,
,1844.0,1072.0,,,,,,,
,1972.0,1072.0,,,,,,,
,2101.0,1088.0,,,,,,,
,2229.0,1088.0,,,,,,,
,2357.0,1072.0,,,,,,,
,2486.0,1088.0,,,,,,,
,2614.0,1088.0,,,,,,,
,2742.0,1088.0,,,,,,,
,2871.0,1072.0,,,,,,,
,2999.0,1072.0,,,,,,,
,3127.0,1072.0,,,,,,,
,3256.0,1088.0,,,,,,,
,3384.0,1072.0,,,,,,,
,3513.0,1088.0,,,,,,,
,3641.0,1072.0,,,,,,,
,3769.0,1088.0,,,,,,,
,3898.0,1072.0,,,,,,,
,4026.0,1088.0,,,,,,,
,4154.0,1072.0,,,,,,,
,4283.0,1072.0,,,,,,,
,4412.0,1088.0,,,,,,,
,4540.0,1088.0,,,,,,,
,4668.0,1072.0,,,,,,,
,4797.0,1088.0,,,,,,,
,4925.0,1088.0,,,,,,,
,5053.0,1072.0,,,,,,,
,5182.0,1072.0,,,,,,,
,5310.0,1088.0,,,,,,,
,5438.0,1072.0,,,,,,,
,5567.0,1072.0,,,,,,,
,5695.0,1088.0,,,,,,,
,5824.0,1088.0,,,,,,,
,5952.0,1072.0,,,,,,,
,6081.0,1072.0,,,,,,,
,6209.0,1072.0,,,,,,,
,6338.0,1088.0,,,,,,,
,6466.0,1088.0,,,,,,,
,6595.0,1088.0,,,,,,,
,6723.0,1072.0,,,,,,,
,6852.0,1088.0,,,,,,,
,6980.0,1072.0,,,,,,,
,7109.0,1088.0,,,,,,,
,7237.0,1072.0,,,,,,,
,7365.0,1088.0,,,,,,,
,7494.0,1072.0,,,,,,,
,7622.0,1088.0,,,,,,,
,7751.0,1072.0,,,,,,,
,7879.0,1088.0,,,,,,,
,8008.0,1088.0,,,,,,,
,8136.0,1088.0,,,,,,,
,8264.0,1072.0,,,,,,,
,0.0,2624.0,,,,,,,
,129.0,2640.0,,,,,,,
,258.0,2640.0,,,,,,,
,386.0,2656.0,,,,,,,
,515.0,2656.0,,,,,,,
,643.0,2640.0,,,,,,,
,772.0,2640.0,,,,,,,
,900.0,2624.0,,,,,,,
,1029.0,2640.0,,,,,,,
,1157.0,2560.0,,,,,,,
,1286.0,2528.0,,,,,,,
,1414.0,2544.0,,,,,,,
,1543.0,2512.0,,,,,,,
,1671.0,2512.0,,,,,,,
,1799.0,2560.0,,,,,,,
,1928.0,2528.0,,,,,,,
,2057.0,2496.0,,,,,,,
,2185.0,2576.0,,,,,,,
,2314.0,2592.0,,,,,,,
,2442.0,2752.0,,,,,,,
,2571.0,2896.0,,,,,,,
,2699.0,3040.0,,,,,,,
,2827.0,3216.0,,,,,,,
,2956.0,3344.0,,,,,,,
,3085.0,3424.0,,,,,,,
,3213.0,3584.0,,,,,,,
,3342.0,3584.0,,,,,,,
,3471.0,3632.0,,,,,,,
,3599.0,3648.0,,,,,,,
,3728.0,3680.0,,,,,,,
,3856.0,3664.0,,,,,,,
,3985.0,3664.0,,,,,,,
,4113.0,3712.0,,,,,,,
,4242.0,3664.0,,,,,,,
,4370.0,3728.0,,,,,,,
,4499.0,3808.0,,,,,,,
,4627.0,3792.0,,,,,,,
,4755.0,3840.0,,,,,,,
,4884.0,3776.0,,,,,,,
,5012.0,3920.0,,,,,,,
,5140.0,3904.0,,,,,,,
,5269.0,3376.0,,,,,,,
,5397.0,2784.0,,,,,,,
,5526.0,2976.0,,,,,,,
,5654.0,2640.0,,,,,,,
,5782.0,2592.0,,,,,,,
,5911.0,2544.0,,,,,,,
,6039.0,2544.0,,,,,,,
,6167.0,2528.0,,,,,,,
,6296.0,2400.0,,,,,,,
,6424.0,2336.0,,,,,,,
,6553.0,2224.0,,,,,,,
,6681.0,2224.0,,,,,,,
,6809.0,2192.0,,,,,,,
,6938.0,2192.0,,,,,,,
,7067.0,2192.0,,,,,,,
,7195.0,2208.0,,,,,,,
,7323.0,2144.0,,,,,,,
,7452.0,2192.0,,,,,,,
,83.0,1072.0,,,,,,,
,212.0,1088.0,,,,,,,
,340.0,1072.0,,,,,,,
,469.0,1088.0,,,,,,,
,597.0,1088.0,,,,,,,
,726.0,1088.0,,,,,,,
,854.0,1072.0,,,,,,,
,982.0,1072.0,,,,,,,
,1111.0,1072.0,,,,,,,
,1240.0,1088.0,,,,,,,
,1368.0,1088.0,,,,,,,
,1497.0,1088.0,,,,,,,
,1625.0,1088.0,,,,,,,
,1754.0,1088.0,,,,,,,
,1882.0,1088.0,,,,,,,
,2011.0,1088.0,,,,,,,
,2139.0,1088.0,,,,,,,
,2268.0,1072.0,,,,,,,
,2396.0,1088.0,,,,,,,
,2525.0,1088.0,,,,,,,
,2653.0,1088.0,,,,,,,
,2781.0,1088.0,,,,,,,
,2910.0,1088.0,,,,,,,
,3038.0,1072.0,,,,,,,
,3167.0,1072.0,,,,,,,
,3295.0,1088.0,,,,,,,
,3424.0,1072.0,,,,,,,
,3552.0,1088.0,,,,,,,
,3681.0,1072.0,,,,,,,
,3809.0,1088.0,,,,,,,
,3937.0,1072.0,,,,,,,
,4066.0,1088.0,,,,,,,
,4194.0,1088.0,,,,,,,
,4323.0,1088.0,,,,,,,
,4451.0,1072.0,,,,,,,
,0.0,3920.0,,,,,,,
,129.0,4064.0,,,,,,,
,258.0,4177.0,,,,,,,
,386.0,4241.0,,,,,,,
,515.0,4193.0,,,,,,,
,643.0,4129.0,,,,,,,
,772.0,4177.0,,,,,,,
,900.0,4161.0,,,,,,,
,1028.0,4177.0,,,,,,,
,1157.0,4177.0,,,,,,,
,1286.0,4225.0,,,,,,,
,1414.0,4225.0,,,,,,,
,1542.0,4193.0,,,,,,,
,1671.0,4161.0,,,,,,,
,57.0,10930.0,,,,,,,
,186.0,10978.0,,,,,,,
,314.0,11010.0,,,,,,,
,443.0,11042.0,,,,,,,
,572.0,10690.0,,,,,,,
,700.0,10882.0,,,,,,,
,829.0,10818.0,,,,,,,
,957.0,10786.0,,,,,,,
,1086.0,10802.0,,,,,,,
,1214.0,10770.0,,,,,,,
,1343.0,10802.0,,,,,,,
,1471.0,10722.0,,,,,,,
,1599.0,10722.0,,,,,,,
,1728.0,10834.0,,,,,,,
,1856.0,10786.0,,,,,,,
,1985.0,11138.0,,,,,,,
,2113.0,11154.0,,,,,,,
,2242.0,11154.0,,,,,,,
,2370.0,11234.0,,,,,,,
,2498.0,11474.0,,,,,,,
,2627.0,11714.0,,,,,,,
,2755.0,12050.0,,,,,,,
,2883.0,12226.0,,,,,,,
,3012.0,12579.0,,,,,,,
,3140.0,12899.0,,,,,,,
,3269.0,13123.0,,,,,,,
,3397.0,13411.0,,,,,,,
ID1814700,6.0,1232.0,,,,,,,1825.0
ID1814700,135.0,1072.0,,,,,,,1826.0
ID1814700,264.0,1072.0,,,,,,,1826.0
ID1814700,393.0,1072.0,,,,,,,1826.0
ID1814700,522.0,1072.0,,,,,,,1826.0
ID1814700,650.0,1056.0,,,,,,,1826.0
ID1814700,779.0,1088.0,,,,,,,1826.0
ID1814700,908.0,1072.0,,,,,,,1826.0
ID1814700,1037.0,1072.0,,,,,,,1826.0
ID1814700,,,1232.0,,,1.08,,,
ID2567411,85.0,1232.0,,,,,,,2572.0
ID2567411,214.0,1072.0,,,,,,,2572.0
ID2567411,343.0,1072.0,,,,,,,2572.0
ID2567411,472.0,1072.0,,,,,,,2573.0
ID2567411,601.0,1088.0,,,,,,,2573.0
ID2567411,730.0,1072.0,,,,,,,2573.0
ID2567411,859.0,1072.0,,,,,,,2573.0
ID2567411,988.0,1072.0,,,,,,,2573.0
ID2567411,1116.0,1072.0,,,,,,,2573.0
ID2567411,1245.0,1072.0,,,,,,,2573.0
ID2567411,1374.0,1072.0,,,,,,,2574.0
ID2567411,,,1232.0,17.45455,0.0,1.482,,,
,1.0,2944.0,,,,,,,
,130.0,2960.0,,,,,,,
,258.0,2944.0,,,,,,,
,388.0,2960.0,,,,,,,
,517.0,2960.0,,,,,,,
,645.0,2992.0,,,,,,,
,774.0,2992.0,,,,,,,
,903.0,3040.0,,,,,,,
,1031.0,2976.0,,,,,,,
,1160.0,2896.0,,,,,,,
,1288.0,2912.0,,,,,,,
,1417.0,2928.0,,,,,,,
,1546.0,3024.0,,,,,,,
,1674.0,2992.0,,,,,,,
,1803.0,3040.0,,,,,,,
,1931.0,3120.0,,,,,,,
,2060.0,3200.0,,,,,,,
,2188.0,3264.0,,,,,,,
,2317.0,3264.0,,,,,,,
,2446.0,3264.0,,,,,,,
,2574.0,3280.0,,,,,,,
,2703.0,3280.0,,,,,,,
,2831.0,3296.0,,,,,,,
,2960.0,3328.0,,,,,,,
,3088.0,3344.0,,,,,,,
,3217.0,3360.0,,,,,,,
,3345.0,3392.0,,,,,,,
,3474.0,3360.0,,,,,,,
,3602.0,3424.0,,,,,,,
,3731.0,3424.0,,,,,,,
,3860.0,3456.0,,,,,,,
,3988.0,3424.0,,,,,,,
,4117.0,3472.0,,,,,,,
,4246.0,3504.0,,,,,,,
,4374.0,3440.0,,,,,,,
,4503.0,3472.0,,,,,,,
,4632.0,3456.0,,,,,,,
,4760.0,3536.0,,,,,,,
,4889.0,3536.0,,,,,,,
,5018.0,3536.0,,,,,,,
,5146.0,3584.0,,,,,,,
,5275.0,3744.0,,,,,,,
,5403.0,3824.0,,,,,,,
,5532.0,3840.0,,,,,,,
,5660.0,3904.0,,,,,,,
,5789.0,3968.0,,,,,,,
,5917.0,4032.0,,,,,,,
,6046.0,4097.0,,,,,,,
,6175.0,4241.0,,,,,,,
,6303.0,4289.0,,,,,,,
,6432.0,4337.0,,,,,,,
,6561.0,4273.0,,,,,,,
,6689.0,4353.0,,,,,,,
,6818.0,4321.0,,,,,,,
,6946.0,4225.0,,,,,,,
,7075.0,4321.0,,,,,,,
,7203.0,4257.0,,,,,,,
,7332.0,4257.0,,,,,,,
,7460.0,4273.0,,,,,,,
,7589.0,4449.0,,,,,,,
,7717.0,4401.0,,,,,,,
,7846.0,4577.0,,,,,,,
,7975.0,4561.0,,,,,,,
,8103.0,4641.0,,,,,,,
,8232.0,5121.0,,,,,,,
,8360.0,4881.0,,,,,,,
,8489.0,4577.0,,,,,,,
,8617.0,3888.0,,,,,,,
,8746.0,3760.0,,,,,,,
,8874.0,3648.0,,,,,,,
,9003.0,3392.0,,,,,,,
,9132.0,3072.0,,,,,,,
,9261.0,2896.0,,,,,,,
,9389.0,2816.0,,,,,,,
,9518.0,2880.0,,,,,,,
,9647.0,2768.0,,,,,,,
,9776.0,2784.0,,,,,,,
,9904.0,2832.0,,,,,,,
,10034.0,2784.0,,,,,,,
,10162.0,2752.0,,,,,,,
,10291.0,2720.0,,,,,,,
,10420.0,2768.0,,,,,,,
,10549.0,2768.0,,,,,,,
,10677.0,2784.0,,,,,,,
,10806.0,2736.0,,,,,,,
,10935.0,2704.0,,,,,,,
,11063.0,2768.0,,,,,,,
,11192.0,2736.0,,,,,,,
,41.0,10130.0,,,,,,,
,170.0,10194.0,,,,,,,
,299.0,10258.0,,,,,,,
,427.0,10274.0,,,,,,,
,556.0,10370.0,,,,,,,
,685.0,10082.0,,,,,,,
,813.0,10194.0,,,,,,,
,942.0,10370.0,,,,,,,
,1070.0,10402.0,,,,,,,
,1199.0,10466.0,,,,,,,
,1328.0,10482.0,,,,,,,
,1456.0,10578.0,,,,,,,
,1585.0,10562.0,,,,,,,
,1713.0,10546.0,,,,,,,
,1842.0,10322.0,,,,,,,
,1970.0,10066.0,,,,,,,
,2099.0,9874.0,,,,,,,
,2228.0,9618.0,,,,,,,
,2357.0,9282.0,,,,,,,
,2486.0,9042.0,,,,,,,
,2614.0,8914.0,,,,,,,
,2743.0,8770.0,,,,,,,
,2872.0,8626.0,,,,,,,
,3000.0,8514.0,,,,,,,
,3129.0,8418.0,,,,,,,
,3258.0,8338.0,,,,,,,
,3386.0,8258.0,,,,,,,
,3515.0,8258.0,,,,,,,
,3644.0,8242.0,,,,,,,
,3773.0,8226.0,,,,,,,
,3901.0,8258.0,,,,,,,
,4030.0,8274.0,,,,,,,
,4159.0,8322.0,,,,,,,
,4287.0,8354.0,,,,,,,
,4416.0,8322.0,,,,,,,
,4544.0,8338.0,,,,,,,
,4673.0,8338.0,,,,,,,
,4802.0,8322.0,,,,,,,
,4931.0,8274.0,,,,,,,
,5060.0,8258.0,,,,,,,
,5188.0,8242.0,,,,,,,
,5317.0,8226.0,,,,,,,
,5446.0,8306.0,,,,,,,
,5574.0,8962.0,,,,,,,
,5703.0,8994.0,,,,,,,
,5832.0,10242.0,,,,,,,
,5960.0,10370.0,,,,,,,
,6089.0,10290.0,,,,,,,
,6218.0,10386.0,,,,,,,
,6347.0,10322.0,,,,,,,
,6475.0,10258.0,,,,,,,
,6604.0,10274.0,,,,,,,
,6732.0,10290.0,,,,,,,
,6861.0,10258.0,,,,,,,
,6990.0,10274.0,,,,,,,
,0.0,10978.0,,,,,,,
,1.0,1376.0,,,,,,,
,129.0,1088.0,,,,,,,
,258.0,1088.0,,,,,,,
,386.0,1072.0,,,,,,,
,515.0,1088.0,,,,,,,
,643.0,1072.0,,,,,,,
,772.0,1088.0,,,,,,,
,900.0,1072.0,,,,,,,
,1029.0,1088.0,,,,,,,
,1157.0,1072.0,,,,,,,
,1286.0,1088.0,,,,,,,
,1414.0,1072.0,,,,,,,
,1543.0,1088.0,,,,,,,
,1671.0,1072.0,,,,,,,
,1800.0,1088.0,,,,,,,
,1928.0,1072.0,,,,,,,
,2057.0,1088.0,,,,,,,
,2185.0,1088.0,,,,,,,
,2314.0,1088.0,,,,,,,
,2442.0,1072.0,,,,,,,
,2571.0,1072.0,,,,,,,
,2699.0,1088.0,,,,,,,
,2828.0,1088.0,,,,,,,
,2956.0,1072.0,,,,,,,
,3085.0,1088.0,,,,,,,
,3213.0,1072.0,,,,,,,
,3342.0,1088.0,,,,,,,
,3470.0,1072.0,,,,,,,
,3598.0,1088.0,,,,,,,
,3727.0,1072.0,,,,,,,
,3855.0,1088.0,,,,,,,
,3984.0,1072.0,,,,,,,
,4112.0,1072.0,,,,,,,
,4241.0,1088.0,,,,,,,
,4369.0,1088.0,,,,,,,
,4498.0,1088.0,,,,,,,
,4626.0,1072.0,,,,,,,
,4754.0,1072.0,,,,,,,
,4883.0,1072.0,,,,,,,
,5011.0,1072.0,,,,,,,
,5139.0,1088.0,,,,,,,
,5268.0,1088.0,,,,,,,
,5396.0,1072.0,,,,,,,
,5524.0,1040.0,,,,,,,
,5653.0,1072.0,,,,,,,
,5781.0,1072.0,,,,,,,
,5909.0,1072.0,,,,,,,
,6038.0,1072.0,,,,,,,
,6166.0,1088.0,,,,,,,
,6294.0,1072.0,,,,,,,
,6423.0,1088.0,,,,,,,
,6551.0,1088.0,,,,,,,
,6680.0,1088.0,,,,,,,
,6808.0,1088.0,,,,,,,
,6936.0,1088.0,,,,,,,
,7065.0,1072.0,,,,,,,
,7193.0,1072.0,,,,,,,
,7322.0,1088.0,,,,,,,
,7450.0,1088.0,,,,,,,
,7578.0,1088.0,,,,,,,
,7707.0,1088.0,,,,,,,
,7835.0,1088.0,,,,,,,
,7964.0,1088.0,,,,,,,
,8092.0,1088.0,,,,,,,
,8220.0,1088.0,,,,,,,
,8349.0,1088.0,,,,,,,
ID3337009,,,0.0,0.0,0.0,1.877,1088.0,,
,1.0,2304.0,,,,,,,
,130.0,2352.0,,,,,,,
,258.0,2352.0,,,,,,,
,387.0,2352.0,,,,,,,
,515.0,2512.0,,,,,,,
,644.0,2592.0,,,,,,,
,772.0,2704.0,,,,,,,
,900.0,2736.0,,,,,,,
,1029.0,2720.0,,,,,,,
,1158.0,2720.0,,,,,,,
,1286.0,2656.0,,,,,,,
,1415.0,2512.0,,,,,,,
,1543.0,2528.0,,,,,,,
,1672.0,2560.0,,,,,,,
,1801.0,2560.0,,,,,,,
,1929.0,2528.0,,,,,,,
,2058.0,2512.0,,,,,,,
,2187.0,2528.0,,,,,,,
,2315.0,2512.0,,,,,,,
,2443.0,2560.0,,,,,,,
,2572.0,2560.0,,,,,,,
,2700.0,2544.0,,,,,,,
,2829.0,2544.0,,,,,,,
,2957.0,2592.0,,,,,,,
,3085.0,2624.0,,,,,,,
,3214.0,2704.0,,,,,,,
,3342.0,2848.0,,,,,,,
,3470.0,2976.0,,,,,,,
,3599.0,3088.0,,,,,,,
,3727.0,3088.0,,,,,,,
,3856.0,3248.0,,,,,,,
,3984.0,3296.0,,,,,,,
,4113.0,3392.0,,,,,,,
,4241.0,3408.0,,,,,,,
,4370.0,3568.0,,,,,,,
,4498.0,3632.0,,,,,,,
,4626.0,3728.0,,,,,,,
,4755.0,3680.0,,,,,,,
,4883.0,3744.0,,,,,,,
,5012.0,3904.0,,,,,,,
,5140.0,3920.0,,,,,,,
,5268.0,4016.0,,,,,,,
,5397.0,4032.0,,,,,,,
,5525.0,4000.0,,,,,,,
,5654.0,3856.0,,,,,,,
,5782.0,3888.0,,,,,,,
,5910.0,3904.0,,,,,,,
,6039.0,3984.0,,,,,,,
,6167.0,3984.0,,,,,,,
,6296.0,4225.0,,,,,,,
,6424.0,4193.0,,,,,,,
,6553.0,4577.0,,,,,,,
,6681.0,4641.0,,,,,,,
,6809.0,4385.0,,,,,,,
,6938.0,3536.0,,,,,,,
,7066.0,3280.0,,,,,,,
,7195.0,2896.0,,,,,,,
,7323.0,2848.0,,,,,,,
,7451.0,2784.0,,,,,,,
,7580.0,2736.0,,,,,,,
,7708.0,2768.0,,,,,,,
,7837.0,2752.0,,,,,,,
,7965.0,2784.0,,,,,,,
,8093.0,2720.0,,,,,,,
,8222.0,2704.0,,,,,,,
,8351.0,2688.0,,,,,,,
,8479.0,2576.0,,,,,,,
,8608.0,2480.0,,,,,,,
,8736.0,2560.0,,,,,,,
,8864.0,2528.0,,,,,,,
,8993.0,2512.0,,,,,,,
,9121.0,2512.0,,,,,,,
ID365408,85.0,1088.0,,,,,,,
ID365408,215.0,1088.0,,,,,,,
ID365408,344.0,1088.0,,,,,,,
ID365408,472.0,1088.0,,,,,,,
ID365408,601.0,1088.0,,,,,,,
ID365408,730.0,1088.0,,,,,,,
ID365408,859.0,1088.0,,,,,,,
ID365408,987.0,1088.0,,,,,,,
ID365408,1116.0,1072.0,,,,,,,
ID365408,1245.0,1088.0,,,,,,,
ID365408,1373.0,1088.0,,,,,,,
ID365408,1502.0,1088.0,,,,,,,
ID365408,1631.0,1088.0,,,,,,,
ID365408,1760.0,1088.0,,,,,,,
ID365408,1888.0,1088.0,,,,,,,
ID365408,2017.0,1088.0,,,,,,,
ID365408,2146.0,1072.0,,,,,,,
ID365408,2275.0,1072.0,,,,,,,
ID365408,2403.0,1088.0,,,,,,,
ID365408,2532.0,1088.0,,,,,,,
ID365408,2661.0,1088.0,,,,,,,
ID365408,2790.0,1088.0,,,,,,,
ID365408,2918.0,1072.0,,,,,,,
ID365408,3047.0,1088.0,,,,,,,
ID365408,3175.0,1088.0,,,,,,,
ID365408,3304.0,1088.0,,,,,,,
ID365408,3433.0,1088.0,,,,,,,
ID365408,3561.0,1088.0,,,,,,,
ID365408,3690.0,1088.0,,,,,,,
ID365408,3818.0,1088.0,,,,,,,
ID365408,3947.0,1072.0,,,,,,,
ID365408,4075.0,1088.0,,,,,,,
ID365408,4204.0,1088.0,,,,,,,
ID365408,4333.0,1088.0,,,,,,,
ID365408,4461.0,1072.0,,,,,,,
ID365408,4590.0,1072.0,,,,,,,
ID365408,4718.0,1088.0,,,,,,,
ID365408,4847.0,1088.0,,,,,,,
ID365408,4976.0,1088.0,,,,,,,
ID365408,5104.0,1088.0,,,,,,,
ID365408,5233.0,1072.0,,,,,,,
ID365408,5362.0,1088.0,,,,,,,
ID365408,5490.0,1072.0,,,,,,,
ID365408,5619.0,1088.0,,,,,,,
ID365408,5747.0,1088.0,,,,,,,
ID365408,5876.0,1088.0,,,,,,,
ID365408,6005.0,1088.0,,,,,,,
ID365408,6133.0,1072.0,,,,,,,
ID365408,6262.0,1088.0,,,,,,,
ID365408,6390.0,1088.0,,,,,,,
ID365408,6519.0,1088.0,,,,,,,
ID365408,6648.0,1088.0,,,,,,,
ID365408,6776.0,1088.0,,,,,,,
ID365408,6905.0,1088.0,,,,,,,
ID365408,7034.0,1088.0,,,,,,,
ID365408,7162.0,1088.0,,,,,,,
ID365408,7291.0,1088.0,,,,,,,
ID365408,7420.0,1088.0,,,,,,,
ID365408,7548.0,1088.0,,,,,,,
ID365408,7677.0,1072.0,,,,,,,
ID365408,7806.0,1072.0,,,,,,,
ID365408,7934.0,1088.0,,,,,,,
ID365408,8063.0,1088.0,,,,,,,
ID365408,8191.0,1088.0,,,,,,,
ID365408,8320.0,1072.0,,,,,,,
ID365408,8449.0,1088.0,,,,,,,
ID365408,,,1088.0,4.848485,0.0,8.477,1086.4,0.13,
